datetime;ee_consumption_kWh;t_out_C;true_anomalies;label
01/01/2016 00:00;140;5,125;0;ok
01/01/2016 01:00;138,9;4,975;0;ok
01/01/2016 02:00;141,4;4,7;0;ok
01/01/2016 03:00;145,1;4,45;0;ok
01/01/2016 04:00;143,9;4,125;0;ok
01/01/2016 05:00;150;4,125;0;ok
01/01/2016 06:00;152,9;4,325;0;ok
01/01/2016 07:00;156,6;4,575;0;ok
01/01/2016 08:00;150,1;4,825;0;ok
01/01/2016 09:00;129,5;4,75;0;ok
01/01/2016 10:00;128;4,625;0;ok
01/01/2016 11:00;117,7;4,725;0;ok
01/01/2016 12:00;118,2;5,15;0;ok
01/01/2016 13:00;123,4;5,325;0;ok
01/01/2016 14:00;115,8;5,5;0;ok
01/01/2016 15:00;113,5;5,425;0;ok
01/01/2016 16:00;124,2;5,45;0;ok
01/01/2016 17:00;149,5;5,35;0;ok
01/01/2016 18:00;157,6;5,225;0;ok
01/01/2016 19:00;156;5,225;0;ok
01/01/2016 20:00;156,3;5,225;0;ok
01/01/2016 21:00;156,5;5,1;0;ok
01/01/2016 22:00;155,2;5,05;0;ok
01/01/2016 23:00;148;5,2;0;ok
02/01/2016 00:00;143,2;5,2;0;ok
02/01/2016 01:00;142;4,875;0;ok
02/01/2016 02:00;143,9;4,65;0;ok
02/01/2016 03:00;142,4;4,375;0;ok
02/01/2016 04:00;142,2;4,225;0;ok
02/01/2016 05:00;149,8;3,975;0;ok
02/01/2016 06:00;151,6;4;0;ok
02/01/2016 07:00;156,7;3,675;0;ok
02/01/2016 08:00;152,8;3,95;0;ok
02/01/2016 09:00;146,7;3,9;0;ok
02/01/2016 10:00;150,8;4,15;0;ok
02/01/2016 11:00;141,7;3,7;0;ok
02/01/2016 12:00;138,8;3,475;0;ok
02/01/2016 13:00;135,4;3,625;0;ok
02/01/2016 14:00;127,1;3,75;0;ok
02/01/2016 15:00;140,4;3,575;0;ok
02/01/2016 16:00;132,7;3,35;0;ok
02/01/2016 17:00;148,4;3,325;0;ok
02/01/2016 18:00;157,7;3,225;0;ok
02/01/2016 19:00;157,1;3,1;0;ok
02/01/2016 20:00;154,7;2,975;0;ok
02/01/2016 21:00;153;3,15;0;ok
02/01/2016 22:00;153;3,075;0;ok
02/01/2016 23:00;148,6;3,275;0;ok
03/01/2016 00:00;145,2;2,6;0;ok
03/01/2016 01:00;147,7;2,25;0;ok
03/01/2016 02:00;145,5;2,45;0;ok
03/01/2016 03:00;147,7;2,55;0;ok
03/01/2016 04:00;146,6;2,575;0;ok
03/01/2016 05:00;147,3;2,575;0;ok
03/01/2016 06:00;147,3;2,525;0;ok
03/01/2016 07:00;152,7;2,125;0;ok
03/01/2016 08:00;133,6;1,825;0;ok
03/01/2016 09:00;119,1;1,975;0;ok
03/01/2016 10:00;124,3;2;0;ok
03/01/2016 11:00;125,6;1,95;0;ok
03/01/2016 12:00;125,4;2,075;0;ok
03/01/2016 13:00;125,8;2,325;0;ok
03/01/2016 14:00;125,6;3,175;0;ok
03/01/2016 15:00;127,4;3,25;0;ok
03/01/2016 16:00;120,7;2,8;0;ok
03/01/2016 17:00;144,5;2,675;0;ok
03/01/2016 18:00;155;2,075;0;ok
03/01/2016 19:00;154,7;1,875;0;ok
03/01/2016 20:00;154,5;2,15;0;ok
03/01/2016 21:00;153,1;2,375;0;ok
03/01/2016 22:00;152,1;2,075;0;ok
03/01/2016 23:00;146,4;2,175;0;ok
04/01/2016 00:00;146,9;2,225;0;ok
04/01/2016 01:00;151,4;1,475;0;ok
04/01/2016 02:00;208,4;1,375;0;ok
04/01/2016 03:00;210,1;1,625;0;ok
04/01/2016 04:00;207,5;1,575;0;ok
04/01/2016 05:00;209,8;1,425;0;ok
04/01/2016 06:00;215,3;1,25;0;ok
04/01/2016 07:00;226,3;1,475;0;ok
04/01/2016 08:00;264,4;1,825;0;ok
04/01/2016 09:00;288,2;2,225;0;ok
04/01/2016 10:00;302,8;2,625;0;ok
04/01/2016 11:00;304,9;3,125;0;ok
04/01/2016 12:00;310,4;3;0;ok
04/01/2016 13:00;309,1;3,15;0;ok
04/01/2016 14:00;307,8;3,3;0;ok
04/01/2016 15:00;310;3,35;0;ok
04/01/2016 16:00;302;3,425;0;ok
04/01/2016 17:00;295;3,2;0;ok
04/01/2016 18:00;261,3;2,925;0;ok
04/01/2016 19:00;209,8;2,85;0;ok
04/01/2016 20:00;175,4;2,75;0;ok
04/01/2016 21:00;165,3;2,7;0;ok
04/01/2016 22:00;158,8;2,875;0;ok
04/01/2016 23:00;152,7;2,775;0;ok
05/01/2016 00:00;150,5;2,55;0;ok
05/01/2016 01:00;150,4;2,575;0;ok
05/01/2016 02:00;151,5;2,525;0;ok
05/01/2016 03:00;149,5;2,5;0;ok
05/01/2016 04:00;152,2;2,7;0;ok
05/01/2016 05:00;154,1;2,75;0;ok
05/01/2016 06:00;196,4;2,65;0;ok
05/01/2016 07:00;252,3;2,55;0;ok
05/01/2016 08:00;289,1;2,25;0;ok
05/01/2016 09:00;306,1;2,475;0;ok
05/01/2016 10:00;322,5;2,55;0;ok
05/01/2016 11:00;323;2,625;0;ok
05/01/2016 12:00;310;2,775;0;ok
05/01/2016 13:00;306,1;3,525;0;ok
05/01/2016 14:00;304,3;3,7;0;ok
05/01/2016 15:00;297,3;4,25;0;ok
05/01/2016 16:00;293,4;4,025;0;ok
05/01/2016 17:00;293;3,625;0;ok
05/01/2016 18:00;261,9;3,65;0;ok
05/01/2016 19:00;212,2;3,975;0;ok
05/01/2016 20:00;180,2;3,975;0;ok
05/01/2016 21:00;168,3;3,975;0;ok
05/01/2016 22:00;165;3,975;0;ok
05/01/2016 23:00;154;3,85;0;ok
06/01/2016 00:00;151,8;3,825;0;ok
06/01/2016 01:00;153,5;3,75;0;ok
06/01/2016 02:00;155,6;3,925;0;ok
06/01/2016 03:00;157,2;3,75;0;ok
06/01/2016 04:00;154,1;3,75;0;ok
06/01/2016 05:00;162,2;3,175;0;ok
06/01/2016 06:00;161,1;2,95;0;ok
06/01/2016 07:00;185,8;2,5;0;ok
06/01/2016 08:00;180,1;1,875;0;ok
06/01/2016 09:00;165,9;2,525;0;ok
06/01/2016 10:00;165,4;4,45;0;ok
06/01/2016 11:00;163,1;6,1;0;ok
06/01/2016 12:00;160;6,675;0;ok
06/01/2016 13:00;158,7;7;0;ok
06/01/2016 14:00;159,8;7,625;0;ok
06/01/2016 15:00;139,1;7,4;0;ok
06/01/2016 16:00;144,2;6,675;0;ok
06/01/2016 17:00;167,4;6,075;0;ok
06/01/2016 18:00;174,1;5,5;0;ok
06/01/2016 19:00;170,3;5,3;0;ok
06/01/2016 20:00;170,5;4,8;0;ok
06/01/2016 21:00;169,8;4,5;0;ok
06/01/2016 22:00;169,6;4,25;0;ok
06/01/2016 23:00;161,5;3,625;0;ok
07/01/2016 00:00;161,1;2,3;0;ok
07/01/2016 01:00;157,5;2,325;0;ok
07/01/2016 02:00;156,9;2;0;ok
07/01/2016 03:00;155,5;2,175;0;ok
07/01/2016 04:00;192,1;2,3;0;ok
07/01/2016 05:00;227,5;2,4;0;ok
07/01/2016 06:00;329,2;2,8;0;ok
07/01/2016 07:00;400;2,425;0;ok
07/01/2016 08:00;489;2,025;0;ok
07/01/2016 09:00;552,6;2,45;0;ok
07/01/2016 10:00;578,7;4,025;0;ok
07/01/2016 11:00;589,9;5,825;0;ok
07/01/2016 12:00;641,4;6,2;0;ok
07/01/2016 13:00;636,3;6,5;0;ok
07/01/2016 14:00;598,5;6,375;0;ok
07/01/2016 15:00;529;6,075;0;ok
07/01/2016 16:00;490,7;6,3;0;ok
07/01/2016 17:00;479,9;5,85;0;ok
07/01/2016 18:00;431,1;5,25;0;ok
07/01/2016 19:00;305,3;5,25;0;ok
07/01/2016 20:00;214,2;4,825;0;ok
07/01/2016 21:00;189,5;4,525;0;ok
07/01/2016 22:00;168,7;4,275;0;ok
07/01/2016 23:00;151,3;3,725;0;ok
08/01/2016 00:00;145,3;3,525;0;ok
08/01/2016 01:00;143,9;3,025;0;ok
08/01/2016 02:00;144,3;3,05;0;ok
08/01/2016 03:00;147;3,025;0;ok
08/01/2016 04:00;150,8;2,175;0;ok
08/01/2016 05:00;170,9;2,525;0;ok
08/01/2016 06:00;285,2;2,475;0;ok
08/01/2016 07:00;383,1;2,35;0;ok
08/01/2016 08:00;484,7;2,15;0;ok
08/01/2016 09:00;541,8;2,55;0;ok
08/01/2016 10:00;547,1;3,75;0;ok
08/01/2016 11:00;562,7;4,475;0;ok
08/01/2016 12:00;597,5;4,95;0;ok
08/01/2016 13:00;624,1;5,125;0;ok
08/01/2016 14:00;600,3;4,55;0;ok
08/01/2016 15:00;556,6;4,4;0;ok
08/01/2016 16:00;511,1;4,9;0;ok
08/01/2016 17:00;492,7;4,925;0;ok
08/01/2016 18:00;384,6;4,825;0;ok
08/01/2016 19:00;279,4;4,775;0;ok
08/01/2016 20:00;205,1;4,875;0;ok
08/01/2016 21:00;178;5,225;0;ok
08/01/2016 22:00;161;5,175;0;ok
08/01/2016 23:00;139,7;4,95;0;ok
09/01/2016 00:00;133,3;5,225;0;ok
09/01/2016 01:00;137,8;5,2;0;ok
09/01/2016 02:00;135,1;5,1;0;ok
09/01/2016 03:00;139,3;4,9;0;ok
09/01/2016 04:00;146,2;4,6;0;ok
09/01/2016 05:00;156,4;4,675;0;ok
09/01/2016 06:00;191,8;4,9;0;ok
09/01/2016 07:00;260,3;5,325;0;ok
09/01/2016 08:00;278,2;5,2;0;ok
09/01/2016 09:00;282,7;5,6;0;ok
09/01/2016 10:00;286,2;5,6;0;ok
09/01/2016 11:00;280,6;6,025;0;ok
09/01/2016 12:00;268,7;6,5;0;ok
09/01/2016 13:00;234,1;7,175;0;ok
09/01/2016 14:00;185,5;7,65;0;ok
09/01/2016 15:00;166,4;7,675;0;ok
09/01/2016 16:00;150,3;7,475;0;ok
09/01/2016 17:00;145,6;7,025;0;ok
09/01/2016 18:00;154,7;6,525;0;ok
09/01/2016 19:00;152,5;6,025;0;ok
09/01/2016 20:00;152,8;5,65;0;ok
09/01/2016 21:00;154,4;5,575;0;ok
09/01/2016 22:00;151,3;5,225;0;ok
09/01/2016 23:00;141,2;4,5;0;ok
10/01/2016 00:00;144,9;3,9;0;ok
10/01/2016 01:00;148,3;3,725;0;ok
10/01/2016 02:00;145,5;3,375;0;ok
10/01/2016 03:00;146,8;3,425;0;ok
10/01/2016 04:00;149;3,55;0;ok
10/01/2016 05:00;146,6;2,875;0;ok
10/01/2016 06:00;149;2,475;0;ok
10/01/2016 07:00;100;2,475;0;ok
10/01/2016 08:00;100;2,2;0;ok
10/01/2016 09:00;100;2,225;0;ok
10/01/2016 10:00;100;2,575;0;ok
10/01/2016 11:00;100;4,95;0;ok
10/01/2016 12:00;100;6,65;0;ok
10/01/2016 13:00;100;4,6;0;ok
10/01/2016 14:00;100;4,675;0;ok
10/01/2016 15:00;100;5,175;0;ok
10/01/2016 16:00;100;5,9;0;ok
10/01/2016 17:00;100;5,4;0;ok
10/01/2016 18:00;100;5,05;0;ok
10/01/2016 19:00;145,1;5,35;0;ok
10/01/2016 20:00;151;4,65;0;ok
10/01/2016 21:00;148,4;4,725;0;ok
10/01/2016 22:00;147,3;5,25;0;ok
10/01/2016 23:00;144,4;4,925;0;ok
11/01/2016 00:00;137,9;4,725;0;ok
11/01/2016 01:00;138,2;4,825;0;ok
11/01/2016 02:00;138,2;4,5;0;ok
11/01/2016 03:00;135,7;4,7;0;ok
11/01/2016 04:00;140;4,9;0;ok
11/01/2016 05:00;173,7;5,325;0;ok
11/01/2016 06:00;301,1;5,55;0;ok
11/01/2016 07:00;382,7;5,825;0;ok
11/01/2016 08:00;497,6;6,1;0;ok
11/01/2016 09:00;560,1;6,35;0;ok
11/01/2016 10:00;624,2;6,9;0;ok
11/01/2016 11:00;607,7;7,55;0;ok
11/01/2016 12:00;624,5;7,075;0;ok
11/01/2016 13:00;653,1;7,45;0;ok
11/01/2016 14:00;628;8,3;0;ok
11/01/2016 15:00;578,3;9,325;0;ok
11/01/2016 16:00;525,2;8,725;0;ok
11/01/2016 17:00;509,6;7,825;0;ok
11/01/2016 18:00;468,9;7,625;0;ok
11/01/2016 19:00;321,5;9,775;0;ok
11/01/2016 20:00;233,6;10,075;0;ok
11/01/2016 21:00;187,9;10,3;0;ok
11/01/2016 22:00;155,8;11,025;0;ok
11/01/2016 23:00;139;11,1;0;ok
12/01/2016 00:00;137,5;10,625;0;ok
12/01/2016 01:00;135,2;9,975;0;ok
12/01/2016 02:00;134;10,1;0;ok
12/01/2016 03:00;135,1;10,325;0;ok
12/01/2016 04:00;137,7;9,975;0;ok
12/01/2016 05:00;146,5;10,2;0;ok
12/01/2016 06:00;278,2;10,575;0;ok
12/01/2016 07:00;394,2;10,525;0;ok
12/01/2016 08:00;497,1;10,275;0;ok
12/01/2016 09:00;546,1;11,075;0;ok
12/01/2016 10:00;570,3;12,55;0;ok
12/01/2016 11:00;574,9;13,5;0;ok
12/01/2016 12:00;597,6;13,875;0;ok
12/01/2016 13:00;625,7;14,15;0;ok
12/01/2016 14:00;588,8;14,15;0;ok
12/01/2016 15:00;551,9;13,85;0;ok
12/01/2016 16:00;506,5;13,55;0;ok
12/01/2016 17:00;501,2;12,175;0;ok
12/01/2016 18:00;450,6;11,275;0;ok
12/01/2016 19:00;311,5;11,075;0;ok
12/01/2016 20:00;228,4;11,2;0;ok
12/01/2016 21:00;191,5;10,325;0;ok
12/01/2016 22:00;161,6;10,075;0;ok
12/01/2016 23:00;147,4;10,125;0;ok
13/01/2016 00:00;141,7;9,75;0;ok
13/01/2016 01:00;140,4;10,1;0;ok
13/01/2016 02:00;140,7;10,05;0;ok
13/01/2016 03:00;136,1;9,525;0;ok
13/01/2016 04:00;140;9,425;0;ok
13/01/2016 05:00;161,9;8,825;0;ok
13/01/2016 06:00;290,5;8,625;0;ok
13/01/2016 07:00;391,8;8,775;0;ok
13/01/2016 08:00;536,5;8,6;0;ok
13/01/2016 09:00;575,8;9,15;0;ok
13/01/2016 10:00;572;10;0;ok
13/01/2016 11:00;601;10,75;0;ok
13/01/2016 12:00;623,5;11;0;ok
13/01/2016 13:00;645,3;11,475;0;ok
13/01/2016 14:00;631,3;12,025;0;ok
13/01/2016 15:00;555,8;12,125;0;ok
13/01/2016 16:00;501,8;11,9;0;ok
13/01/2016 17:00;489,7;10,75;0;ok
13/01/2016 18:00;442,2;10,025;0;ok
13/01/2016 19:00;309,1;9,275;0;ok
13/01/2016 20:00;225,7;8,425;0;ok
13/01/2016 21:00;181,3;7,05;0;ok
13/01/2016 22:00;157,8;6,375;0;ok
13/01/2016 23:00;141,6;5,425;0;ok
14/01/2016 00:00;137,2;5,2;0;ok
14/01/2016 01:00;135,4;4,525;0;ok
14/01/2016 02:00;135,5;4,175;0;ok
14/01/2016 03:00;135,4;4,175;0;ok
14/01/2016 04:00;141,5;4;0;ok
14/01/2016 05:00;153,2;3,85;0;ok
14/01/2016 06:00;305,9;2,825;0;ok
14/01/2016 07:00;392,4;2,225;0;ok
14/01/2016 08:00;500,5;3,6;0;ok
14/01/2016 09:00;614,9;3,55;0;ok
14/01/2016 10:00;604,2;4;0;ok
14/01/2016 11:00;617,9;5,025;0;ok
14/01/2016 12:00;640,3;6,075;0;ok
14/01/2016 13:00;658,5;7,225;0;ok
14/01/2016 14:00;633,6;7,5;0;ok
14/01/2016 15:00;565,8;7,75;0;ok
14/01/2016 16:00;497,5;7,4;0;ok
14/01/2016 17:00;491,2;6,35;0;ok
14/01/2016 18:00;444,8;5,7;0;ok
14/01/2016 19:00;322,3;5,575;0;ok
14/01/2016 20:00;431,1;5,425;1;night_shift
14/01/2016 21:00;380,3;5;1;night_shift
14/01/2016 22:00;355,4;4,45;1;night_shift
14/01/2016 23:00;338,7;3,275;1;night_shift
15/01/2016 00:00;333,1;2,725;1;night_shift
15/01/2016 01:00;328,7;2,375;1;night_shift
15/01/2016 02:00;328;1,65;1;night_shift
15/01/2016 03:00;326,3;0,75;1;night_shift
15/01/2016 04:00;331,4;0,4;1;night_shift
15/01/2016 05:00;350,6;0,725;1;night_shift
15/01/2016 06:00;484,9;0,375;1;night_shift
15/01/2016 07:00;578,6;0,375;1;night_shift
15/01/2016 08:00;519,4;0,4;0;ok
15/01/2016 09:00;578,9;2,85;0;ok
15/01/2016 10:00;585,5;6,35;0;ok
15/01/2016 11:00;589,8;7,7;0;ok
15/01/2016 12:00;591,5;10,325;0;ok
15/01/2016 13:00;621,5;10,975;0;ok
15/01/2016 14:00;568,6;10,425;0;ok
15/01/2016 15:00;528;9,825;0;ok
15/01/2016 16:00;460,9;8,75;0;ok
15/01/2016 17:00;459,4;7,825;0;ok
15/01/2016 18:00;390,2;7,2;0;ok
15/01/2016 19:00;484,1;6,8;1;night_shift
15/01/2016 20:00;409,8;6,6;1;night_shift
15/01/2016 21:00;388,8;6,75;1;night_shift
15/01/2016 22:00;370,2;6,875;1;night_shift
15/01/2016 23:00;348,9;6,4;1;night_shift
16/01/2016 00:00;337,7;5,95;1;night_shift
16/01/2016 01:00;338,5;5,15;1;night_shift
16/01/2016 02:00;336,6;4,4;1;night_shift
16/01/2016 03:00;340,7;4,3;1;night_shift
16/01/2016 04:00;344,1;5,275;1;night_shift
16/01/2016 05:00;359,9;3,825;1;night_shift
16/01/2016 06:00;393,5;2,875;1;night_shift
16/01/2016 07:00;454,6;2,4;1;night_shift
16/01/2016 08:00;470,7;1,925;1;night_shift
16/01/2016 09:00;469,4;4,25;1;night_shift
16/01/2016 10:00;461,9;6,8;1;night_shift
16/01/2016 11:00;459,9;7,875;1;night_shift
16/01/2016 12:00;456,3;9,525;1;night_shift
16/01/2016 13:00;430,5;10,175;1;night_shift
16/01/2016 14:00;386,2;10,375;1;night_shift
16/01/2016 15:00;361,5;10,225;1;night_shift
16/01/2016 16:00;332,8;9,575;1;night_shift
16/01/2016 17:00;332,9;8,85;1;night_shift
16/01/2016 18:00;346;8,15;1;night_shift
16/01/2016 19:00;344;7,775;1;night_shift
16/01/2016 20:00;343;7,3;1;night_shift
16/01/2016 21:00;342;7,075;1;night_shift
16/01/2016 22:00;341,1;6,525;1;night_shift
16/01/2016 23:00;340,2;6,425;1;night_shift
17/01/2016 00:00;341,2;6,35;1;night_shift
17/01/2016 01:00;338,8;6,45;1;night_shift
17/01/2016 02:00;335,7;6,075;1;night_shift
17/01/2016 03:00;340,2;6,175;1;night_shift
17/01/2016 04:00;338,7;5,125;1;night_shift
17/01/2016 05:00;344,1;3,95;1;night_shift
17/01/2016 06:00;341,9;2,525;1;night_shift
17/01/2016 07:00;304,7;3,55;1;night_shift
17/01/2016 08:00;300;3,4;1;night_shift
17/01/2016 09:00;300;5,35;1;night_shift
17/01/2016 10:00;300;7,375;1;night_shift
17/01/2016 11:00;300;8,3;1;night_shift
17/01/2016 12:00;300;8,625;1;night_shift
17/01/2016 13:00;309,9;8,2;1;night_shift
17/01/2016 14:00;302,2;8,325;1;night_shift
17/01/2016 15:00;300,3;8,825;1;night_shift
17/01/2016 16:00;305,2;8,575;1;night_shift
17/01/2016 17:00;311,2;7,625;1;night_shift
17/01/2016 18:00;321,5;6,75;1;night_shift
17/01/2016 19:00;318,3;5,9;1;night_shift
17/01/2016 20:00;318,3;5,575;1;night_shift
17/01/2016 21:00;320,4;5,05;1;night_shift
17/01/2016 22:00;317,5;4,925;1;night_shift
17/01/2016 23:00;316,8;4,175;1;night_shift
18/01/2016 00:00;317,1;3,575;1;night_shift
18/01/2016 01:00;313,1;3;1;night_shift
18/01/2016 02:00;311,5;2,7;1;night_shift
18/01/2016 03:00;310,8;2,55;1;night_shift
18/01/2016 04:00;319,2;1,575;1;night_shift
18/01/2016 05:00;379,7;0,975;1;night_shift
18/01/2016 06:00;517,1;0,6;1;night_shift
18/01/2016 07:00;577,5;0,45;1;night_shift
18/01/2016 08:00;689,2;-0,775;1;night_shift
18/01/2016 09:00;545,3;-0,25;0;ok
18/01/2016 10:00;545,6;1,3;0;ok
18/01/2016 11:00;580;3,125;0;ok
18/01/2016 12:00;608,2;4,625;0;ok
18/01/2016 13:00;634,2;4,25;0;ok
18/01/2016 14:00;619,9;3,525;0;ok
18/01/2016 15:00;559,7;3,475;0;ok
18/01/2016 16:00;515;3,35;0;ok
18/01/2016 17:00;483,1;3,1;0;ok
18/01/2016 18:00;443,1;2,8;0;ok
18/01/2016 19:00;309,1;2,55;0;ok
18/01/2016 20:00;426;2,5;1;night_shift
18/01/2016 21:00;382,5;2,55;1;night_shift
18/01/2016 22:00;362,8;2,4;1;night_shift
18/01/2016 23:00;344,9;1,975;1;night_shift
19/01/2016 00:00;340,7;1,875;1;night_shift
19/01/2016 01:00;347,2;1,5;1;night_shift
19/01/2016 02:00;362,9;0,675;1;night_shift
19/01/2016 03:00;362,3;0,375;1;night_shift
19/01/2016 04:00;353,4;0,125;1;night_shift
19/01/2016 05:00;365,4;0,2;1;night_shift
19/01/2016 06:00;486,4;0,2;1;night_shift
19/01/2016 07:00;582,5;-0,275;1;night_shift
19/01/2016 08:00;484;-0,125;0;ok
19/01/2016 09:00;554,7;0,05;0;ok
19/01/2016 10:00;569,3;0,35;0;ok
19/01/2016 11:00;557,6;0,875;0;ok
19/01/2016 12:00;567,2;2,875;0;ok
19/01/2016 13:00;589,9;4,3;0;ok
19/01/2016 14:00;589,1;4,675;0;ok
19/01/2016 15:00;515,3;4,475;0;ok
19/01/2016 16:00;452,2;4,15;0;ok
19/01/2016 17:00;442,6;3,575;0;ok
19/01/2016 18:00;419;3,125;0;ok
19/01/2016 19:00;324,6;2,775;0;ok
19/01/2016 20:00;229,7;2,575;0;ok
19/01/2016 21:00;187,7;1,5;0;ok
19/01/2016 22:00;170,2;1,475;0;ok
19/01/2016 23:00;148,9;1,2;0;ok
20/01/2016 00:00;137,6;0,4;0;ok
20/01/2016 01:00;160,4;0,125;0;ok
20/01/2016 02:00;157,4;-0,25;0;ok
20/01/2016 03:00;158,8;-0,75;0;ok
20/01/2016 04:00;148,3;-0,925;0;ok
20/01/2016 05:00;168,8;-1,125;0;ok
20/01/2016 06:00;294,3;-1,3;0;ok
20/01/2016 07:00;379,1;-1,2;0;ok
20/01/2016 08:00;491,5;-0,9;0;ok
20/01/2016 09:00;549,9;-0,375;0;ok
20/01/2016 10:00;555;0,375;0;ok
20/01/2016 11:00;579;1,575;0;ok
20/01/2016 12:00;615,7;3,45;0;ok
20/01/2016 13:00;638,1;4,875;0;ok
20/01/2016 14:00;613,6;5,55;0;ok
20/01/2016 15:00;521,8;6,1;0;ok
20/01/2016 16:00;473,8;5,3;0;ok
20/01/2016 17:00;460,4;4,425;0;ok
20/01/2016 18:00;437,5;3,875;0;ok
20/01/2016 19:00;301,9;3,575;0;ok
20/01/2016 20:00;223,5;3,175;0;ok
20/01/2016 21:00;195,5;1,875;0;ok
20/01/2016 22:00;174,9;1,6;0;ok
20/01/2016 23:00;150,5;1,5;0;ok
21/01/2016 00:00;141,6;1,4;0;ok
21/01/2016 01:00;160,3;0,75;0;ok
21/01/2016 02:00;164,5;0,45;0;ok
21/01/2016 03:00;164,1;-0,2;0;ok
21/01/2016 04:00;153,7;0,15;0;ok
21/01/2016 05:00;176,5;-0,525;0;ok
21/01/2016 06:00;303;-0,525;0;ok
21/01/2016 07:00;386,3;-1,475;0;ok
21/01/2016 08:00;484,3;-1,95;0;ok
21/01/2016 09:00;507;-0,925;0;ok
21/01/2016 10:00;533;0,675;0;ok
21/01/2016 11:00;572,8;2,95;0;ok
21/01/2016 12:00;596,7;5,375;0;ok
21/01/2016 13:00;609,1;5,675;0;ok
21/01/2016 14:00;557;5,925;0;ok
21/01/2016 15:00;509;6;0;ok
21/01/2016 16:00;457,3;5,425;0;ok
21/01/2016 17:00;446,6;4,3;0;ok
21/01/2016 18:00;420,5;3,225;0;ok
21/01/2016 19:00;306,9;2,425;0;ok
21/01/2016 20:00;220,9;2,2;0;ok
21/01/2016 21:00;199,6;2,15;0;ok
21/01/2016 22:00;174,5;1,75;0;ok
21/01/2016 23:00;147,3;1,25;0;ok
22/01/2016 00:00;135,9;0,8;0;ok
22/01/2016 01:00;154,1;0,925;0;ok
22/01/2016 02:00;164,4;1,225;0;ok
22/01/2016 03:00;164,3;0,325;0;ok
22/01/2016 04:00;151,5;0,575;0;ok
22/01/2016 05:00;176,1;0,225;0;ok
22/01/2016 06:00;292,6;-0,225;0;ok
22/01/2016 07:00;375,9;-0,925;0;ok
22/01/2016 08:00;482,4;-1,1;0;ok
22/01/2016 09:00;536,1;-0,25;0;ok
22/01/2016 10:00;556,7;1,225;0;ok
22/01/2016 11:00;564,7;3,675;0;ok
22/01/2016 12:00;562,6;5,5;0;ok
22/01/2016 13:00;575,1;6,525;0;ok
22/01/2016 14:00;558,9;7,175;0;ok
22/01/2016 15:00;521,6;6,975;0;ok
22/01/2016 16:00;458,8;6,1;0;ok
22/01/2016 17:00;446,9;5,375;0;ok
22/01/2016 18:00;398,8;4,8;0;ok
22/01/2016 19:00;285,2;4,65;0;ok
22/01/2016 20:00;215,1;4,175;0;ok
22/01/2016 21:00;186,5;4,025;0;ok
22/01/2016 22:00;167,8;4,2;0;ok
22/01/2016 23:00;171,9;4,2;0;ok
23/01/2016 00:00;164,2;3,525;0;ok
23/01/2016 01:00;162,1;3,375;0;ok
23/01/2016 02:00;163,9;2,85;0;ok
23/01/2016 03:00;169,6;2,675;0;ok
23/01/2016 04:00;162,2;2,4;0;ok
23/01/2016 05:00;159,9;2;0;ok
23/01/2016 06:00;199,1;1,325;0;ok
23/01/2016 07:00;261,5;1,3;0;ok
23/01/2016 08:00;274,5;1,3;0;ok
23/01/2016 09:00;266,7;1,825;0;ok
23/01/2016 10:00;265,3;2,525;0;ok
23/01/2016 11:00;266;4;0;ok
23/01/2016 12:00;261,6;6,025;0;ok
23/01/2016 13:00;232,3;6,675;0;ok
23/01/2016 14:00;189,4;7,7;0;ok
23/01/2016 15:00;177;7,925;0;ok
23/01/2016 16:00;156,3;8,175;0;ok
23/01/2016 17:00;143,1;7,325;0;ok
23/01/2016 18:00;158,3;6,375;0;ok
23/01/2016 19:00;173,5;5,725;0;ok
23/01/2016 20:00;182;5,3;0;ok
23/01/2016 21:00;177,7;4,975;0;ok
23/01/2016 22:00;174,8;4,775;0;ok
23/01/2016 23:00;168,5;4,725;0;ok
24/01/2016 00:00;166,8;4,35;0;ok
24/01/2016 01:00;176,3;2,15;0;ok
24/01/2016 02:00;176,6;2,1;0;ok
24/01/2016 03:00;177,8;1,05;0;ok
24/01/2016 04:00;179;0,325;0;ok
24/01/2016 05:00;179,8;0,075;0;ok
24/01/2016 06:00;180,4;-0,3;0;ok
24/01/2016 07:00;180;-0,225;0;ok
24/01/2016 08:00;156,1;0,55;0;ok
24/01/2016 09:00;149,1;1,275;0;ok
24/01/2016 10:00;142,4;3,25;0;ok
24/01/2016 11:00;142;6,55;0;ok
24/01/2016 12:00;145,2;8,025;0;ok
24/01/2016 13:00;150,5;8,575;0;ok
24/01/2016 14:00;147,3;9,525;0;ok
24/01/2016 15:00;145,7;10,275;0;ok
24/01/2016 16:00;144;10,675;0;ok
24/01/2016 17:00;157,8;9,575;0;ok
24/01/2016 18:00;182,8;8,6;0;ok
24/01/2016 19:00;183,2;8;0;ok
24/01/2016 20:00;182,6;7,25;0;ok
24/01/2016 21:00;182,3;6,675;0;ok
24/01/2016 22:00;179,7;5,8;0;ok
24/01/2016 23:00;179,2;5,275;0;ok
25/01/2016 00:00;176,6;4,6;0;ok
25/01/2016 01:00;176,8;4,125;0;ok
25/01/2016 02:00;177,8;4;0;ok
25/01/2016 03:00;175,8;2,85;0;ok
25/01/2016 04:00;153,2;2,475;0;ok
25/01/2016 05:00;202,4;2,525;0;ok
25/01/2016 06:00;320,3;2,3;0;ok
25/01/2016 07:00;378;1,95;0;ok
25/01/2016 08:00;485,8;1,35;0;ok
25/01/2016 09:00;555;2,925;0;ok
25/01/2016 10:00;573,2;5,675;0;ok
25/01/2016 11:00;572,2;8,325;0;ok
25/01/2016 12:00;595,1;10,375;0;ok
25/01/2016 13:00;614,4;11,625;0;ok
25/01/2016 14:00;574,3;12,625;0;ok
25/01/2016 15:00;526,5;13,775;0;ok
25/01/2016 16:00;457,3;13,8;0;ok
25/01/2016 17:00;459,5;12,675;0;ok
25/01/2016 18:00;439,2;11,75;0;ok
25/01/2016 19:00;324;10,45;0;ok
25/01/2016 20:00;253,3;9,325;0;ok
25/01/2016 21:00;200,7;7,95;0;ok
25/01/2016 22:00;162,2;7,425;0;ok
25/01/2016 23:00;141,8;7,275;0;ok
26/01/2016 00:00;135,2;7,075;0;ok
26/01/2016 01:00;158,8;6,6;0;ok
26/01/2016 02:00;158,7;5,95;0;ok
26/01/2016 03:00;161,5;5,325;0;ok
26/01/2016 04:00;165,4;5,175;0;ok
26/01/2016 05:00;196,4;3,925;0;ok
26/01/2016 06:00;305,4;3,6;0;ok
26/01/2016 07:00;410,4;3,825;0;ok
26/01/2016 08:00;509;3,275;0;ok
26/01/2016 09:00;523,7;4,625;0;ok
26/01/2016 10:00;556,1;7,225;0;ok
26/01/2016 11:00;546,6;7,775;0;ok
26/01/2016 12:00;574,5;10,65;0;ok
26/01/2016 13:00;605,4;12,425;0;ok
26/01/2016 14:00;603,4;14;0;ok
26/01/2016 15:00;534,2;14,8;0;ok
26/01/2016 16:00;473,8;13,775;0;ok
26/01/2016 17:00;472,9;13,15;0;ok
26/01/2016 18:00;433,9;12,35;0;ok
26/01/2016 19:00;317;11,475;0;ok
26/01/2016 20:00;228,1;11;0;ok
26/01/2016 21:00;189,2;9,8;0;ok
26/01/2016 22:00;165,7;9,3;0;ok
26/01/2016 23:00;147,5;8,9;0;ok
27/01/2016 00:00;140,7;8,5;0;ok
27/01/2016 01:00;161,8;7,65;0;ok
27/01/2016 02:00;163,7;7,175;0;ok
27/01/2016 03:00;163,8;6,625;0;ok
27/01/2016 04:00;170,5;6,375;0;ok
27/01/2016 05:00;185,7;5,675;0;ok
27/01/2016 06:00;303,6;5,3;0;ok
27/01/2016 07:00;390,6;4,925;0;ok
27/01/2016 08:00;504,8;5,325;0;ok
27/01/2016 09:00;527,3;6,075;0;ok
27/01/2016 10:00;555,8;7,35;0;ok
27/01/2016 11:00;575,4;9,675;0;ok
27/01/2016 12:00;593,6;11,925;0;ok
27/01/2016 13:00;589,3;13,125;0;ok
27/01/2016 14:00;566,7;13,55;0;ok
27/01/2016 15:00;522,2;13,7;0;ok
27/01/2016 16:00;461,9;13,1;0;ok
27/01/2016 17:00;449,1;12,25;0;ok
27/01/2016 18:00;422,5;11,425;0;ok
27/01/2016 19:00;296,6;11,025;0;ok
27/01/2016 20:00;226,5;10,7;0;ok
27/01/2016 21:00;187;10,725;0;ok
27/01/2016 22:00;163,1;10,45;0;ok
27/01/2016 23:00;147,3;10,075;0;ok
28/01/2016 00:00;143,4;9,825;0;ok
28/01/2016 01:00;166,1;9,725;0;ok
28/01/2016 02:00;164,5;8,4;0;ok
28/01/2016 03:00;166;8,125;0;ok
28/01/2016 04:00;168,7;7,7;0;ok
28/01/2016 05:00;184,7;7,65;0;ok
28/01/2016 06:00;302,2;7,975;0;ok
28/01/2016 07:00;415,9;7,95;0;ok
28/01/2016 08:00;493,4;8,025;0;ok
28/01/2016 09:00;528,8;8,725;0;ok
28/01/2016 10:00;536,5;9,925;0;ok
28/01/2016 11:00;549,3;11,1;0;ok
28/01/2016 12:00;582,3;13,025;0;ok
28/01/2016 13:00;585,7;13,125;0;ok
28/01/2016 14:00;572,1;13,6;0;ok
28/01/2016 15:00;518,9;13,725;0;ok
28/01/2016 16:00;474,4;13,05;0;ok
28/01/2016 17:00;454,3;12,575;0;ok
28/01/2016 18:00;430,5;12,25;0;ok
28/01/2016 19:00;320,3;11,925;0;ok
28/01/2016 20:00;227,7;11,375;0;ok
28/01/2016 21:00;185,4;10,55;0;ok
28/01/2016 22:00;154,2;10;0;ok
28/01/2016 23:00;131,2;10;0;ok
29/01/2016 00:00;140,5;10,075;0;ok
29/01/2016 01:00;164,5;9,2;0;ok
29/01/2016 02:00;161,1;8,575;0;ok
29/01/2016 03:00;162,2;7,8;0;ok
29/01/2016 04:00;166,5;7,525;0;ok
29/01/2016 05:00;186,3;7,725;0;ok
29/01/2016 06:00;299,6;7,575;0;ok
29/01/2016 07:00;388,3;7,475;0;ok
29/01/2016 08:00;492,7;7,125;0;ok
29/01/2016 09:00;526;7,95;0;ok
29/01/2016 10:00;557,4;8,375;0;ok
29/01/2016 11:00;565,1;10,125;0;ok
29/01/2016 12:00;590,2;12,075;0;ok
29/01/2016 13:00;602,5;12,9;0;ok
29/01/2016 14:00;579,4;13,75;0;ok
29/01/2016 15:00;522,2;14,125;0;ok
29/01/2016 16:00;454,7;14,25;0;ok
29/01/2016 17:00;423,3;13,375;0;ok
29/01/2016 18:00;383,7;12,575;0;ok
29/01/2016 19:00;269,3;12,05;0;ok
29/01/2016 20:00;204,2;10,675;0;ok
29/01/2016 21:00;191,8;10,075;0;ok
29/01/2016 22:00;185,1;9,5;0;ok
29/01/2016 23:00;170,8;8,675;0;ok
30/01/2016 00:00;165,8;7,625;0;ok
30/01/2016 01:00;160,1;7,35;0;ok
30/01/2016 02:00;161;6,925;0;ok
30/01/2016 03:00;163,4;6,15;0;ok
30/01/2016 04:00;168,1;5,925;0;ok
30/01/2016 05:00;181,3;6,325;0;ok
30/01/2016 06:00;187,1;6,95;0;ok
30/01/2016 07:00;246;7,625;0;ok
30/01/2016 08:00;284,8;7,9;0;ok
30/01/2016 09:00;293,7;7,775;0;ok
30/01/2016 10:00;292,8;8,225;0;ok
30/01/2016 11:00;292,2;8,95;0;ok
30/01/2016 12:00;277,4;11,375;0;ok
30/01/2016 13:00;237,7;12,725;0;ok
30/01/2016 14:00;186,9;13,575;0;ok
30/01/2016 15:00;152,6;13,125;0;ok
30/01/2016 16:00;128,6;12,25;0;ok
30/01/2016 17:00;129;11,6;0;ok
30/01/2016 18:00;158,5;10,825;0;ok
30/01/2016 19:00;174,2;10,275;0;ok
30/01/2016 20:00;171,3;8,75;0;ok
30/01/2016 21:00;168,5;7,75;0;ok
30/01/2016 22:00;168,8;7,175;0;ok
30/01/2016 23:00;166,4;6,625;0;ok
31/01/2016 00:00;167,3;6,35;0;ok
31/01/2016 01:00;167,5;6,275;0;ok
31/01/2016 02:00;169,1;6,075;0;ok
31/01/2016 03:00;168;6,075;0;ok
31/01/2016 04:00;171,5;5,775;0;ok
31/01/2016 05:00;169,9;5,45;0;ok
31/01/2016 06:00;172,3;5,575;0;ok
31/01/2016 07:00;171,9;5,525;0;ok
31/01/2016 08:00;151,1;5,125;0;ok
31/01/2016 09:00;138,1;5,575;0;ok
31/01/2016 10:00;140,4;6,825;0;ok
31/01/2016 11:00;135,3;9,075;0;ok
31/01/2016 12:00;141,1;11,3;0;ok
31/01/2016 13:00;140,1;12,675;0;ok
31/01/2016 14:00;135,7;13,85;0;ok
31/01/2016 15:00;136,3;14,175;0;ok
31/01/2016 16:00;140,5;12,475;0;ok
31/01/2016 17:00;145,4;10,9;0;ok
31/01/2016 18:00;171,6;10,025;0;ok
31/01/2016 19:00;173,1;9,55;0;ok
31/01/2016 20:00;169,9;9,175;0;ok
31/01/2016 21:00;171,7;8,625;0;ok
31/01/2016 22:00;172,5;8,525;0;ok
31/01/2016 23:00;170,7;8,475;0;ok
01/02/2016 00:00;169,2;7,925;0;ok
01/02/2016 01:00;168,1;7,85;0;ok
01/02/2016 02:00;167,6;7,475;0;ok
01/02/2016 03:00;168,4;6,475;0;ok
01/02/2016 04:00;171,8;6,05;0;ok
01/02/2016 05:00;193;6,125;0;ok
01/02/2016 06:00;269,7;5,8;0;ok
01/02/2016 07:00;366;4,425;0;ok
01/02/2016 08:00;480,7;3,325;0;ok
01/02/2016 09:00;551,5;4,15;0;ok
01/02/2016 10:00;543,9;5,975;0;ok
01/02/2016 11:00;540,9;7,65;0;ok
01/02/2016 12:00;569,5;9,6;0;ok
01/02/2016 13:00;587,7;11,35;0;ok
01/02/2016 14:00;542,4;13,225;0;ok
01/02/2016 15:00;501,7;14,025;0;ok
01/02/2016 16:00;435,6;14,3;0;ok
01/02/2016 17:00;419,3;13,575;0;ok
01/02/2016 18:00;421,1;12;0;ok
01/02/2016 19:00;293,8;11,525;0;ok
01/02/2016 20:00;223,9;11,225;0;ok
01/02/2016 21:00;197,9;9,225;0;ok
01/02/2016 22:00;166,2;7,225;0;ok
01/02/2016 23:00;147,5;6,625;0;ok
02/02/2016 00:00;146,7;6,2;0;ok
02/02/2016 01:00;164;6,125;0;ok
02/02/2016 02:00;165,4;6,25;0;ok
02/02/2016 03:00;163,6;6,4;0;ok
02/02/2016 04:00;169,8;6,525;0;ok
02/02/2016 05:00;189,1;6,55;0;ok
02/02/2016 06:00;261,6;6,4;0;ok
02/02/2016 07:00;372,9;6,35;0;ok
02/02/2016 08:00;488,7;6,35;0;ok
02/02/2016 09:00;535,3;6,575;0;ok
02/02/2016 10:00;557,3;6,95;0;ok
02/02/2016 11:00;554,6;7,2;0;ok
02/02/2016 12:00;601;7,725;0;ok
02/02/2016 13:00;622,5;8,325;0;ok
02/02/2016 14:00;579,9;9,125;0;ok
02/02/2016 15:00;528,9;9,65;0;ok
02/02/2016 16:00;458,1;9,35;0;ok
02/02/2016 17:00;437,3;8,8;0;ok
02/02/2016 18:00;416,5;8,95;0;ok
02/02/2016 19:00;296,7;8,85;0;ok
02/02/2016 20:00;225,1;9,1;0;ok
02/02/2016 21:00;202;9,475;0;ok
02/02/2016 22:00;166,2;9,725;0;ok
02/02/2016 23:00;148,4;9,275;0;ok
03/02/2016 00:00;140,2;8,35;0;ok
03/02/2016 01:00;158,7;8,375;0;ok
03/02/2016 02:00;166;8,525;0;ok
03/02/2016 03:00;166,4;8,35;0;ok
03/02/2016 04:00;168,8;8,6;0;ok
03/02/2016 05:00;186,2;8,375;0;ok
03/02/2016 06:00;282,8;8,35;0;ok
03/02/2016 07:00;351,7;8,325;0;ok
03/02/2016 08:00;479,2;8,75;0;ok
03/02/2016 09:00;527,2;9,35;0;ok
03/02/2016 10:00;558,9;9,575;0;ok
03/02/2016 11:00;553,3;10;0;ok
03/02/2016 12:00;590,4;10,95;0;ok
03/02/2016 13:00;602,2;9,9;0;ok
03/02/2016 14:00;572,7;10,575;0;ok
03/02/2016 15:00;510,9;12,175;0;ok
03/02/2016 16:00;436,7;13,275;0;ok
03/02/2016 17:00;409,1;12,525;0;ok
03/02/2016 18:00;408,6;11,85;0;ok
03/02/2016 19:00;286,4;11,125;0;ok
03/02/2016 20:00;217,4;10,925;0;ok
03/02/2016 21:00;193,8;10,725;0;ok
03/02/2016 22:00;162,5;10,3;0;ok
03/02/2016 23:00;148,9;9,9;0;ok
04/02/2016 00:00;146,5;9,475;0;ok
04/02/2016 01:00;161,7;9,7;0;ok
04/02/2016 02:00;163,3;9,85;0;ok
04/02/2016 03:00;166,3;8,675;0;ok
04/02/2016 04:00;166;8;0;ok
04/02/2016 05:00;189,7;8;0;ok
04/02/2016 06:00;267,6;6,425;0;ok
04/02/2016 07:00;359,4;5,7;0;ok
04/02/2016 08:00;446,4;5,725;0;ok
04/02/2016 09:00;488;7,05;0;ok
04/02/2016 10:00;508;6,6;0;ok
04/02/2016 11:00;511,7;8,875;0;ok
04/02/2016 12:00;543,5;10,825;0;ok
04/02/2016 13:00;565,6;12,225;0;ok
04/02/2016 14:00;576,9;13,125;0;ok
04/02/2016 15:00;492,3;14,2;0;ok
04/02/2016 16:00;447,1;14,025;0;ok
04/02/2016 17:00;411,8;13,475;0;ok
04/02/2016 18:00;409,4;12,1;0;ok
04/02/2016 19:00;307,3;11,2;0;ok
04/02/2016 20:00;261,6;9,425;1;slight_night_overconsumption
04/02/2016 21:00;237,2;8,5;1;slight_night_overconsumption
04/02/2016 22:00;210,1;8,3;1;slight_night_overconsumption
04/02/2016 23:00;191,7;8;1;slight_night_overconsumption
05/02/2016 00:00;189,2;7,95;1;slight_night_overconsumption
05/02/2016 01:00;210,8;7,075;1;slight_night_overconsumption
05/02/2016 02:00;207,3;5,05;1;slight_night_overconsumption
05/02/2016 03:00;210,5;4,925;1;slight_night_overconsumption
05/02/2016 04:00;211,1;4,925;1;slight_night_overconsumption
05/02/2016 05:00;229,2;5,1;1;slight_night_overconsumption
05/02/2016 06:00;304,6;4,55;1;slight_night_overconsumption
05/02/2016 07:00;367,4;4,85;0;ok
05/02/2016 08:00;460,1;5,55;0;ok
05/02/2016 09:00;505;7,05;0;ok
05/02/2016 10:00;549,1;8,85;0;ok
05/02/2016 11:00;525,5;11,35;0;ok
05/02/2016 12:00;538,6;13,775;0;ok
05/02/2016 13:00;566,6;13,35;0;ok
05/02/2016 14:00;519,8;13,275;0;ok
05/02/2016 15:00;467,6;13,85;0;ok
05/02/2016 16:00;404,9;13,875;0;ok
05/02/2016 17:00;407,5;12,825;0;ok
05/02/2016 18:00;383,1;11,025;0;ok
05/02/2016 19:00;279,7;9,875;0;ok
05/02/2016 20:00;221,8;8,525;0;ok
05/02/2016 21:00;197,9;7,725;0;ok
05/02/2016 22:00;193;7,175;0;ok
05/02/2016 23:00;183,8;7,025;0;ok
06/02/2016 00:00;178,7;6,825;0;ok
06/02/2016 01:00;180,2;6,8;0;ok
06/02/2016 02:00;182,9;6,3;0;ok
06/02/2016 03:00;180,2;5,9;0;ok
06/02/2016 04:00;185,2;5,975;0;ok
06/02/2016 05:00;194,7;5,65;0;ok
06/02/2016 06:00;205,7;5,175;0;ok
06/02/2016 07:00;258,7;4,85;0;ok
06/02/2016 08:00;272;4,575;0;ok
06/02/2016 09:00;267,2;5;0;ok
06/02/2016 10:00;262;5,8;0;ok
06/02/2016 11:00;255,3;6,8;0;ok
06/02/2016 12:00;250,9;7,3;0;ok
06/02/2016 13:00;220,5;8,1;0;ok
06/02/2016 14:00;164,6;8,175;0;ok
06/02/2016 15:00;145,9;8,15;0;ok
06/02/2016 16:00;133,1;8,075;0;ok
06/02/2016 17:00;126,7;7,975;0;ok
06/02/2016 18:00;157,3;8,025;0;ok
06/02/2016 19:00;183,8;7,775;0;ok
06/02/2016 20:00;182,8;7,25;0;ok
06/02/2016 21:00;179,1;7,125;0;ok
06/02/2016 22:00;174,3;6,85;0;ok
06/02/2016 23:00;168,8;6,3;0;ok
07/02/2016 00:00;165;5,55;0;ok
07/02/2016 01:00;160,9;5,6;0;ok
07/02/2016 02:00;169,2;5,25;0;ok
07/02/2016 03:00;175;5,05;0;ok
07/02/2016 04:00;170,4;4,95;0;ok
07/02/2016 05:00;179,6;5,05;0;ok
07/02/2016 06:00;175;4,9;0;ok
07/02/2016 07:00;177,3;4,825;0;ok
07/02/2016 08:00;138,2;5;0;ok
07/02/2016 09:00;129,7;4,625;0;ok
07/02/2016 10:00;133,4;4,575;0;ok
07/02/2016 11:00;145,5;4,575;0;ok
07/02/2016 12:00;146;4,475;0;ok
07/02/2016 13:00;141,7;4,825;0;ok
07/02/2016 14:00;136,2;5,175;0;ok
07/02/2016 15:00;133,7;5,45;0;ok
07/02/2016 16:00;139,1;5,35;0;ok
07/02/2016 17:00;144,2;5,35;0;ok
07/02/2016 18:00;179,9;5,25;0;ok
07/02/2016 19:00;185,3;5,125;0;ok
07/02/2016 20:00;182;5,225;0;ok
07/02/2016 21:00;177,8;4,925;0;ok
07/02/2016 22:00;180,6;5,025;0;ok
07/02/2016 23:00;177,5;5,15;0;ok
08/02/2016 00:00;172,8;4,9;0;ok
08/02/2016 01:00;176;4,775;0;ok
08/02/2016 02:00;175,9;4,2;0;ok
08/02/2016 03:00;174,8;3,7;0;ok
08/02/2016 04:00;162;3,45;0;ok
08/02/2016 05:00;200,4;3,4;0;ok
08/02/2016 06:00;325,2;2,7;0;ok
08/02/2016 07:00;389,2;1,85;0;ok
08/02/2016 08:00;462,5;2,1;0;ok
08/02/2016 09:00;470,1;3,35;0;ok
08/02/2016 10:00;504,2;5,325;0;ok
08/02/2016 11:00;529,2;6,85;0;ok
08/02/2016 12:00;536,1;8,2;0;ok
08/02/2016 13:00;550,4;10,175;0;ok
08/02/2016 14:00;537,8;11,7;0;ok
08/02/2016 15:00;479,4;12,25;0;ok
08/02/2016 16:00;423,9;10,875;0;ok
08/02/2016 17:00;409,1;10,25;0;ok
08/02/2016 18:00;407,4;9,725;0;ok
08/02/2016 19:00;292,8;9,175;0;ok
08/02/2016 20:00;216,9;8,7;0;ok
08/02/2016 21:00;196,9;8,075;0;ok
08/02/2016 22:00;164,2;7,225;0;ok
08/02/2016 23:00;145;6,525;0;ok
09/02/2016 00:00;143,4;6,125;0;ok
09/02/2016 01:00;152,9;5,875;0;ok
09/02/2016 02:00;164,4;5,5;0;ok
09/02/2016 03:00;167;5,3;0;ok
09/02/2016 04:00;169;4,95;0;ok
09/02/2016 05:00;180,8;5,25;0;ok
09/02/2016 06:00;286;5,35;0;ok
09/02/2016 07:00;370,6;5,375;0;ok
09/02/2016 08:00;487,7;5,75;0;ok
09/02/2016 09:00;548,8;6,4;0;ok
09/02/2016 10:00;567,4;6,7;0;ok
09/02/2016 11:00;573,8;7,275;0;ok
09/02/2016 12:00;594;7,65;0;ok
09/02/2016 13:00;638,5;7,775;0;ok
09/02/2016 14:00;638,9;7,475;0;ok
09/02/2016 15:00;559,3;7,55;0;ok
09/02/2016 16:00;503;7,175;0;ok
09/02/2016 17:00;459;7,125;0;ok
09/02/2016 18:00;423,1;7,375;0;ok
09/02/2016 19:00;296,7;7,425;0;ok
09/02/2016 20:00;219,3;7,325;0;ok
09/02/2016 21:00;188,8;7,4;0;ok
09/02/2016 22:00;167,9;7,325;0;ok
09/02/2016 23:00;150,4;6,6;0;ok
10/02/2016 00:00;140,4;5,875;0;ok
10/02/2016 01:00;144;9,55;0;ok
10/02/2016 02:00;162;10,35;0;ok
10/02/2016 03:00;162;9,7;0;ok
10/02/2016 04:00;166,7;8,9;0;ok
10/02/2016 05:00;183,7;8,7;0;ok
10/02/2016 06:00;293,6;8,1;0;ok
10/02/2016 07:00;413,9;7,75;0;ok
10/02/2016 08:00;480,5;8,025;0;ok
10/02/2016 09:00;503,3;8,7;0;ok
10/02/2016 10:00;481,7;9,05;0;ok
10/02/2016 11:00;508;9,9;0;ok
10/02/2016 12:00;577,6;10,7;0;ok
10/02/2016 13:00;589,1;11,45;0;ok
10/02/2016 14:00;560,4;11,075;0;ok
10/02/2016 15:00;497,6;11,325;0;ok
10/02/2016 16:00;439,2;10,975;0;ok
10/02/2016 17:00;426,7;9,95;0;ok
10/02/2016 18:00;414,5;9;0;ok
10/02/2016 19:00;289,9;8,525;0;ok
10/02/2016 20:00;221,9;8,4;0;ok
10/02/2016 21:00;188,2;8,45;0;ok
10/02/2016 22:00;164,6;8,6;0;ok
10/02/2016 23:00;148,4;8,575;0;ok
11/02/2016 00:00;139,9;8,25;0;ok
11/02/2016 01:00;164,9;7,275;0;ok
11/02/2016 02:00;165,2;5,425;0;ok
11/02/2016 03:00;166,8;4,725;0;ok
11/02/2016 04:00;170;4,675;0;ok
11/02/2016 05:00;186,5;4,2;0;ok
11/02/2016 06:00;307,4;3,875;0;ok
11/02/2016 07:00;405;3,025;0;ok
11/02/2016 08:00;467,4;3,7;0;ok
11/02/2016 09:00;508,4;6,075;0;ok
11/02/2016 10:00;523,9;7,15;0;ok
11/02/2016 11:00;531,8;9,35;0;ok
11/02/2016 12:00;558,6;10,425;0;ok
11/02/2016 13:00;570,1;11,2;0;ok
11/02/2016 14:00;551,1;11,775;0;ok
11/02/2016 15:00;473,8;11,8;0;ok
11/02/2016 16:00;420,8;11,35;0;ok
11/02/2016 17:00;407,9;10,675;0;ok
11/02/2016 18:00;398,7;9,75;0;ok
11/02/2016 19:00;291;9,1;0;ok
11/02/2016 20:00;213,9;8,375;0;ok
11/02/2016 21:00;189,1;7,625;0;ok
11/02/2016 22:00;162,5;7,425;0;ok
11/02/2016 23:00;146,2;7,125;0;ok
12/02/2016 00:00;140,6;6,6;0;ok
12/02/2016 01:00;156,2;6,525;0;ok
12/02/2016 02:00;165,4;6,1;0;ok
12/02/2016 03:00;164,2;5,75;0;ok
12/02/2016 04:00;166,6;5,075;0;ok
12/02/2016 05:00;178,4;4,075;0;ok
12/02/2016 06:00;286,8;3,875;0;ok
12/02/2016 07:00;363,5;3,275;0;ok
12/02/2016 08:00;457,7;3,525;0;ok
12/02/2016 09:00;491,6;4,55;0;ok
12/02/2016 10:00;526,3;6,2;0;ok
12/02/2016 11:00;537,9;6,275;0;ok
12/02/2016 12:00;543,2;6,35;0;ok
12/02/2016 13:00;588,5;6,375;0;ok
12/02/2016 14:00;568,4;6,35;0;ok
12/02/2016 15:00;498,1;4,95;0;ok
12/02/2016 16:00;455,2;3,575;0;ok
12/02/2016 17:00;422,6;3,2;0;ok
12/02/2016 18:00;363,2;3,05;0;ok
12/02/2016 19:00;267,1;3,25;0;ok
12/02/2016 20:00;206,4;3,225;0;ok
12/02/2016 21:00;196,4;3,3;0;ok
12/02/2016 22:00;173,7;3,1;0;ok
12/02/2016 23:00;153,1;2,45;0;ok
13/02/2016 00:00;165,5;2,375;0;ok
13/02/2016 01:00;170,3;2,225;0;ok
13/02/2016 02:00;172,7;1,4;0;ok
13/02/2016 03:00;173,7;1,025;0;ok
13/02/2016 04:00;163,1;0,425;0;ok
13/02/2016 05:00;170,4;0,375;0;ok
13/02/2016 06:00;203,8;0,425;0;ok
13/02/2016 07:00;250,7;-0,775;0;ok
13/02/2016 08:00;260,6;-1,25;0;ok
13/02/2016 09:00;259;-0,775;0;ok
13/02/2016 10:00;258,7;0,425;0;ok
13/02/2016 11:00;257,4;3,625;0;ok
13/02/2016 12:00;255,1;6,025;0;ok
13/02/2016 13:00;223,5;7,625;0;ok
13/02/2016 14:00;182,8;7,675;0;ok
13/02/2016 15:00;164,7;8,6;0;ok
13/02/2016 16:00;149;8,5;0;ok
13/02/2016 17:00;148,2;8,475;0;ok
13/02/2016 18:00;163,7;7,475;0;ok
13/02/2016 19:00;171,3;6,675;0;ok
13/02/2016 20:00;184,1;6,2;0;ok
13/02/2016 21:00;186,1;5,3;0;ok
13/02/2016 22:00;181,7;5,275;0;ok
13/02/2016 23:00;180,2;5,3;0;ok
14/02/2016 00:00;177,3;5,675;0;ok
14/02/2016 01:00;179,6;5,875;0;ok
14/02/2016 02:00;184,1;5,925;0;ok
14/02/2016 03:00;184,8;5,775;0;ok
14/02/2016 04:00;185,2;5,575;0;ok
14/02/2016 05:00;188,7;5,2;0;ok
14/02/2016 06:00;190,1;5,175;0;ok
14/02/2016 07:00;186,1;4,75;0;ok
14/02/2016 08:00;171,8;5,1;0;ok
14/02/2016 09:00;173;5,55;0;ok
14/02/2016 10:00;170,2;5,925;0;ok
14/02/2016 11:00;170,5;6,325;0;ok
14/02/2016 12:00;170,1;6,75;0;ok
14/02/2016 13:00;169,1;7,025;0;ok
14/02/2016 14:00;169,8;7,025;0;ok
14/02/2016 15:00;168,5;7,375;0;ok
14/02/2016 16:00;170,9;7,475;0;ok
14/02/2016 17:00;178,4;7,075;0;ok
14/02/2016 18:00;194,4;6,875;0;ok
14/02/2016 19:00;195,5;6,55;0;ok
14/02/2016 20:00;191,9;6,1;0;ok
14/02/2016 21:00;193,1;5,6;0;ok
14/02/2016 22:00;195,4;5,25;0;ok
14/02/2016 23:00;194,2;4,95;0;ok
15/02/2016 00:00;189,7;4,325;0;ok
15/02/2016 01:00;488,8;3,4;1;shape_inversion
15/02/2016 02:00;487;3,75;1;shape_inversion
15/02/2016 03:00;486,7;3,8;1;shape_inversion
15/02/2016 04:00;479,1;3,375;1;shape_inversion
15/02/2016 05:00;499,1;1,925;1;shape_inversion
15/02/2016 06:00;623,1;0,725;1;shape_inversion
15/02/2016 07:00;201,2;0,75;1;shape_inversion
15/02/2016 08:00;270,7;0,25;1;shape_inversion
15/02/2016 09:00;350;1,3;1;shape_inversion
15/02/2016 10:00;391,9;2,6;1;shape_inversion
15/02/2016 11:00;363;5,15;1;shape_inversion
15/02/2016 12:00;398,9;7,775;1;shape_inversion
15/02/2016 13:00;386,6;8,925;1;shape_inversion
15/02/2016 14:00;366,2;8,65;1;shape_inversion
15/02/2016 15:00;291,7;7,375;1;shape_inversion
15/02/2016 16:00;231,5;9,25;1;shape_inversion
15/02/2016 17:00;223,7;9,075;1;shape_inversion
15/02/2016 18:00;215,8;9,125;1;shape_inversion
15/02/2016 19:00;595,3;9,225;1;shape_inversion
15/02/2016 20:00;521;9,425;1;shape_inversion
15/02/2016 21:00;496,9;9,3;1;shape_inversion
15/02/2016 22:00;478,3;9,225;1;shape_inversion
15/02/2016 23:00;452;8,8;1;shape_inversion
16/02/2016 00:00;141;8,55;0;ok
16/02/2016 01:00;155,1;8,65;0;ok
16/02/2016 02:00;166,6;8,375;0;ok
16/02/2016 03:00;169;8;0;ok
16/02/2016 04:00;171,6;7,6;0;ok
16/02/2016 05:00;194,6;7,575;0;ok
16/02/2016 06:00;295,3;7,475;0;ok
16/02/2016 07:00;389,3;7,875;0;ok
16/02/2016 08:00;478,4;8,1;0;ok
16/02/2016 09:00;575,2;8,15;0;ok
16/02/2016 10:00;556,8;8,225;0;ok
16/02/2016 11:00;547,4;8,55;0;ok
16/02/2016 12:00;572,5;8,15;0;ok
16/02/2016 13:00;613,8;7,6;0;ok
16/02/2016 14:00;603,9;7,625;0;ok
16/02/2016 15:00;514,9;7,775;0;ok
16/02/2016 16:00;444,1;8,1;0;ok
16/02/2016 17:00;416,8;8,325;0;ok
16/02/2016 18:00;400,5;8,375;0;ok
16/02/2016 19:00;291;7,975;0;ok
16/02/2016 20:00;224,3;8,25;0;ok
16/02/2016 21:00;197,3;7,725;0;ok
16/02/2016 22:00;172,5;7,525;0;ok
16/02/2016 23:00;159,9;7,65;0;ok
17/02/2016 00:00;153;7,175;0;ok
17/02/2016 01:00;156;6,675;0;ok
17/02/2016 02:00;174,1;6,425;0;ok
17/02/2016 03:00;172,7;5,9;0;ok
17/02/2016 04:00;176,6;5,9;0;ok
17/02/2016 05:00;193,8;5,825;0;ok
17/02/2016 06:00;280;5,975;0;ok
17/02/2016 07:00;370,4;6,575;0;ok
17/02/2016 08:00;474,4;6,7;0;ok
17/02/2016 09:00;566,3;6,825;0;ok
17/02/2016 10:00;612,1;6,625;0;ok
17/02/2016 11:00;591,1;6,425;0;ok
17/02/2016 12:00;623,6;6,7;0;ok
17/02/2016 13:00;647,7;6,675;0;ok
17/02/2016 14:00;610;6,6;0;ok
17/02/2016 15:00;539;6,975;0;ok
17/02/2016 16:00;492,2;6,525;0;ok
17/02/2016 17:00;439,7;6,25;0;ok
17/02/2016 18:00;402,7;6,325;0;ok
17/02/2016 19:00;282,7;6,35;0;ok
17/02/2016 20:00;217,1;5,95;0;ok
17/02/2016 21:00;195,7;5,475;0;ok
17/02/2016 22:00;171,4;5,05;0;ok
17/02/2016 23:00;147,4;4,925;0;ok
18/02/2016 00:00;140,3;5,05;0;ok
18/02/2016 01:00;156;4,95;0;ok
18/02/2016 02:00;163,1;4,95;0;ok
18/02/2016 03:00;164,9;5,025;0;ok
18/02/2016 04:00;167,5;5,1;0;ok
18/02/2016 05:00;184,9;5,475;0;ok
18/02/2016 06:00;286,6;5,7;0;ok
18/02/2016 07:00;387,6;5,8;0;ok
18/02/2016 08:00;490,3;5,775;0;ok
18/02/2016 09:00;556;5,6;0;ok
18/02/2016 10:00;573,4;6,075;0;ok
18/02/2016 11:00;562,5;7,75;0;ok
18/02/2016 12:00;578,5;8,45;0;ok
18/02/2016 13:00;592,3;9,55;0;ok
18/02/2016 14:00;573,5;9,025;0;ok
18/02/2016 15:00;523,6;9,175;0;ok
18/02/2016 16:00;457,3;9,225;0;ok
18/02/2016 17:00;416,8;9;0;ok
18/02/2016 18:00;397,7;8,575;0;ok
18/02/2016 19:00;287,4;8,375;0;ok
18/02/2016 20:00;221,9;7,975;0;ok
18/02/2016 21:00;203,1;7,375;0;ok
18/02/2016 22:00;178,6;7,125;0;ok
18/02/2016 23:00;153,2;7,1;0;ok
19/02/2016 00:00;147,8;6,525;0;ok
19/02/2016 01:00;153,8;5,725;0;ok
19/02/2016 02:00;170,2;5;0;ok
19/02/2016 03:00;168,2;4,55;0;ok
19/02/2016 04:00;172;4,125;0;ok
19/02/2016 05:00;188,9;3,925;0;ok
19/02/2016 06:00;282,5;3,525;0;ok
19/02/2016 07:00;363,2;2,975;0;ok
19/02/2016 08:00;448,5;3,6;0;ok
19/02/2016 09:00;461,8;6;0;ok
19/02/2016 10:00;486,6;6,925;0;ok
19/02/2016 11:00;503,2;9,275;0;ok
19/02/2016 12:00;532,2;11,625;0;ok
19/02/2016 13:00;532;12,925;0;ok
19/02/2016 14:00;512;14,225;0;ok
19/02/2016 15:00;468,6;13,775;0;ok
19/02/2016 16:00;396,7;12,95;0;ok
19/02/2016 17:00;377,9;12,525;0;ok
19/02/2016 18:00;345,7;11,625;0;ok
19/02/2016 19:00;259,7;11,125;0;ok
19/02/2016 20:00;207,4;10,85;0;ok
19/02/2016 21:00;198,6;10,125;0;ok
19/02/2016 22:00;197,6;9,875;0;ok
19/02/2016 23:00;178,2;9,675;0;ok
20/02/2016 00:00;167,9;9,175;0;ok
20/02/2016 01:00;170,5;8,65;0;ok
20/02/2016 02:00;169,8;7,875;0;ok
20/02/2016 03:00;172,6;7,65;0;ok
20/02/2016 04:00;169,5;5,825;0;ok
20/02/2016 05:00;191,2;4,8;0;ok
20/02/2016 06:00;204,2;4,3;0;ok
20/02/2016 07:00;246,8;3,875;0;ok
20/02/2016 08:00;253,5;5,375;0;ok
20/02/2016 09:00;244,8;7,125;0;ok
20/02/2016 10:00;239,1;8,725;0;ok
20/02/2016 11:00;244,4;8,7;0;ok
20/02/2016 12:00;240;10,8;0;ok
20/02/2016 13:00;206,8;11,925;0;ok
20/02/2016 14:00;150,2;12,15;0;ok
20/02/2016 15:00;131;13,1;0;ok
20/02/2016 16:00;125,9;13,225;0;ok
20/02/2016 17:00;125,1;12,75;0;ok
20/02/2016 18:00;141,8;11,575;0;ok
20/02/2016 19:00;170,5;10,4;0;ok
20/02/2016 20:00;175,3;9,75;0;ok
20/02/2016 21:00;173,2;9;0;ok
20/02/2016 22:00;172,3;7,35;0;ok
20/02/2016 23:00;173,4;7,025;0;ok
21/02/2016 00:00;174,4;6,625;0;ok
21/02/2016 01:00;174,2;6,5;0;ok
21/02/2016 02:00;174,8;6,375;0;ok
21/02/2016 03:00;174,8;5,5;0;ok
21/02/2016 04:00;172,9;4,6;0;ok
21/02/2016 05:00;174,3;4,125;0;ok
21/02/2016 06:00;177,2;4,475;0;ok
21/02/2016 07:00;173,8;4,475;0;ok
21/02/2016 08:00;151,8;4,975;0;ok
21/02/2016 09:00;144;7,725;0;ok
21/02/2016 10:00;143,6;10,775;0;ok
21/02/2016 11:00;140,7;12,15;0;ok
21/02/2016 12:00;144,4;13,425;0;ok
21/02/2016 13:00;142,7;14,65;0;ok
21/02/2016 14:00;140,1;16,15;0;ok
21/02/2016 15:00;136,4;16,875;0;ok
21/02/2016 16:00;135,4;17,25;0;ok
21/02/2016 17:00;136,3;16,65;0;ok
21/02/2016 18:00;165,2;15,05;0;ok
21/02/2016 19:00;176,4;13,85;0;ok
21/02/2016 20:00;177,3;12,925;0;ok
21/02/2016 21:00;179,3;11,8;0;ok
21/02/2016 22:00;178;11,15;0;ok
21/02/2016 23:00;177,6;10,575;0;ok
22/02/2016 00:00;174,8;10,225;0;ok
22/02/2016 01:00;171,1;9,95;0;ok
22/02/2016 02:00;171,4;9,85;0;ok
22/02/2016 03:00;171,3;9,125;0;ok
22/02/2016 04:00;176;8,625;0;ok
22/02/2016 05:00;187,7;8,2;0;ok
22/02/2016 06:00;294;8,125;0;ok
22/02/2016 07:00;369,8;7,825;0;ok
22/02/2016 08:00;451,9;7,95;0;ok
22/02/2016 09:00;487,6;8,45;0;ok
22/02/2016 10:00;542;9,425;0;ok
22/02/2016 11:00;524,3;9,775;0;ok
22/02/2016 12:00;541,9;10,2;0;ok
22/02/2016 13:00;559,8;11;0;ok
22/02/2016 14:00;529,4;11;0;ok
22/02/2016 15:00;482,5;11,475;0;ok
22/02/2016 16:00;429,2;11,7;0;ok
22/02/2016 17:00;420,8;11,325;0;ok
22/02/2016 18:00;398;11,25;0;ok
22/02/2016 19:00;290,3;11,2;0;ok
22/02/2016 20:00;234,5;10,625;0;ok
22/02/2016 21:00;199;10;0;ok
22/02/2016 22:00;174;9,6;0;ok
22/02/2016 23:00;156,7;9,425;0;ok
23/02/2016 00:00;163,2;9,675;0;ok
23/02/2016 01:00;172,6;9,875;0;ok
23/02/2016 02:00;173,8;9,625;0;ok
23/02/2016 03:00;171,8;9,4;0;ok
23/02/2016 04:00;174,5;9,3;0;ok
23/02/2016 05:00;193;9,375;0;ok
23/02/2016 06:00;290,3;9,325;0;ok
23/02/2016 07:00;381,9;9,2;0;ok
23/02/2016 08:00;464,4;9,45;0;ok
23/02/2016 09:00;533,3;10,825;0;ok
23/02/2016 10:00;545,8;11,225;0;ok
23/02/2016 11:00;551;11,3;0;ok
23/02/2016 12:00;567,3;12,6;0;ok
23/02/2016 13:00;601;13,45;0;ok
23/02/2016 14:00;578,6;13,95;0;ok
23/02/2016 15:00;493,9;14,925;0;ok
23/02/2016 16:00;443;15,25;0;ok
23/02/2016 17:00;406,1;14,85;0;ok
23/02/2016 18:00;403,2;14,1;0;ok
23/02/2016 19:00;306;13,375;0;ok
23/02/2016 20:00;245,1;12,525;0;ok
23/02/2016 21:00;216,6;11,275;0;ok
23/02/2016 22:00;188,9;10,1;0;ok
23/02/2016 23:00;164,1;9,575;0;ok
24/02/2016 00:00;162,3;10,275;0;ok
24/02/2016 01:00;181,1;9,4;0;ok
24/02/2016 02:00;178,7;8,125;0;ok
24/02/2016 03:00;177,9;6,575;0;ok
24/02/2016 04:00;182,3;6,25;0;ok
24/02/2016 05:00;200,3;6,15;0;ok
24/02/2016 06:00;301,8;6,475;0;ok
24/02/2016 07:00;376,9;6,525;0;ok
24/02/2016 08:00;485,3;6,95;0;ok
24/02/2016 09:00;520,9;7,45;0;ok
24/02/2016 10:00;548,2;9,725;0;ok
24/02/2016 11:00;537,9;12,05;0;ok
24/02/2016 12:00;566,1;13,1;0;ok
24/02/2016 13:00;584,6;13,8;0;ok
24/02/2016 14:00;553,3;13,275;0;ok
24/02/2016 15:00;492,2;13,325;0;ok
24/02/2016 16:00;421,5;12,775;0;ok
24/02/2016 17:00;400,8;11,6;0;ok
24/02/2016 18:00;395,6;10,475;0;ok
24/02/2016 19:00;282,4;10,2;0;ok
24/02/2016 20:00;228,7;9,9;0;ok
24/02/2016 21:00;196,5;9,625;0;ok
24/02/2016 22:00;170;9,45;0;ok
24/02/2016 23:00;155;9,275;0;ok
25/02/2016 00:00;161,4;9,125;0;ok
25/02/2016 01:00;173,2;8,925;0;ok
25/02/2016 02:00;173;8,45;0;ok
25/02/2016 03:00;171,7;8,15;0;ok
25/02/2016 04:00;174,3;8,075;0;ok
25/02/2016 05:00;194,9;8,1;0;ok
25/02/2016 06:00;277,9;7,725;0;ok
25/02/2016 07:00;374,8;7,175;0;ok
25/02/2016 08:00;484,8;6,8;0;ok
25/02/2016 09:00;541,8;6,975;0;ok
25/02/2016 10:00;532,2;7,325;0;ok
25/02/2016 11:00;548,8;7,325;0;ok
25/02/2016 12:00;553,1;7,725;0;ok
25/02/2016 13:00;579,1;8,15;0;ok
25/02/2016 14:00;582,7;8,55;0;ok
25/02/2016 15:00;506,2;9,25;0;ok
25/02/2016 16:00;439,3;9,425;0;ok
25/02/2016 17:00;405,1;9,4;0;ok
25/02/2016 18:00;385;8,825;0;ok
25/02/2016 19:00;278,4;8,575;0;ok
25/02/2016 20:00;213,6;8,325;0;ok
25/02/2016 21:00;187;8,075;0;ok
25/02/2016 22:00;167,4;7,425;0;ok
25/02/2016 23:00;148,3;7,15;0;ok
26/02/2016 00:00;142,4;6,725;0;ok
26/02/2016 01:00;150,7;6,175;0;ok
26/02/2016 02:00;165,1;5,6;0;ok
26/02/2016 03:00;166,1;5,325;0;ok
26/02/2016 04:00;168,7;4,675;0;ok
26/02/2016 05:00;178,5;4,25;0;ok
26/02/2016 06:00;250;4,075;0;ok
26/02/2016 07:00;344;3,55;0;ok
26/02/2016 08:00;435,3;4,2;0;ok
26/02/2016 09:00;483,5;5,6;0;ok
26/02/2016 10:00;525,3;7,325;0;ok
26/02/2016 11:00;516,8;8,325;0;ok
26/02/2016 12:00;548,2;8,825;0;ok
26/02/2016 13:00;556,3;9,525;0;ok
26/02/2016 14:00;562,5;9,95;0;ok
26/02/2016 15:00;480;9,525;0;ok
26/02/2016 16:00;419,4;9,05;0;ok
26/02/2016 17:00;399,1;8,425;0;ok
26/02/2016 18:00;351,9;8,225;0;ok
26/02/2016 19:00;263,7;8,225;0;ok
26/02/2016 20:00;212,2;7,8;0;ok
26/02/2016 21:00;196;7,325;0;ok
26/02/2016 22:00;169,1;7,05;0;ok
26/02/2016 23:00;163,3;6,75;0;ok
27/02/2016 00:00;179,2;6,25;0;ok
27/02/2016 01:00;174,7;5,7;0;ok
27/02/2016 02:00;173,5;5,3;0;ok
27/02/2016 03:00;177,4;5,025;0;ok
27/02/2016 04:00;178,2;4,6;0;ok
27/02/2016 05:00;182;4,225;0;ok
27/02/2016 06:00;201,6;3,975;0;ok
27/02/2016 07:00;244,2;3,825;0;ok
27/02/2016 08:00;137;3,975;0;ok
27/02/2016 09:00;385,7;3,975;0;ok
27/02/2016 10:00;250,8;3,875;0;ok
27/02/2016 11:00;250,2;4,1;0;ok
27/02/2016 12:00;246,1;4,25;0;ok
27/02/2016 13:00;210;4,625;0;ok
27/02/2016 14:00;157,1;4,975;0;ok
27/02/2016 15:00;146,5;5,175;0;ok
27/02/2016 16:00;143,6;5,05;0;ok
27/02/2016 17:00;146,2;5,15;0;ok
27/02/2016 18:00;156;5,225;0;ok
27/02/2016 19:00;186,1;5,225;0;ok
27/02/2016 20:00;187,4;5,25;0;ok
27/02/2016 21:00;187,3;4,75;0;ok
27/02/2016 22:00;184,4;4,225;0;ok
27/02/2016 23:00;182,4;4,125;0;ok
28/02/2016 00:00;179,4;3,85;0;ok
28/02/2016 01:00;177,7;3,45;0;ok
28/02/2016 02:00;179,3;4,6;0;ok
28/02/2016 03:00;179,9;5,225;0;ok
28/02/2016 04:00;180,6;5,5;0;ok
28/02/2016 05:00;181,8;5,725;0;ok
28/02/2016 06:00;183,5;6,025;0;ok
28/02/2016 07:00;177,3;6,075;0;ok
28/02/2016 08:00;155,5;5,725;0;ok
28/02/2016 09:00;139,4;5,8;0;ok
28/02/2016 10:00;140,9;6,15;0;ok
28/02/2016 11:00;141;6,7;0;ok
28/02/2016 12:00;142,2;7,075;0;ok
28/02/2016 13:00;148,6;6,55;0;ok
28/02/2016 14:00;135,3;6,875;0;ok
28/02/2016 15:00;142,3;7,375;0;ok
28/02/2016 16:00;142;7,575;0;ok
28/02/2016 17:00;147,6;7,425;0;ok
28/02/2016 18:00;174,8;7,15;0;ok
28/02/2016 19:00;184,3;7,275;0;ok
28/02/2016 20:00;184,1;7,375;0;ok
28/02/2016 21:00;182,9;7,75;0;ok
28/02/2016 22:00;184,9;8,35;0;ok
28/02/2016 23:00;182,9;8,475;0;ok
29/02/2016 00:00;181,6;7,65;0;ok
29/02/2016 01:00;177;7,4;0;ok
29/02/2016 02:00;179,6;7,425;0;ok
29/02/2016 03:00;180,3;7,4;0;ok
29/02/2016 04:00;184,8;7,475;0;ok
29/02/2016 05:00;195;7,575;0;ok
29/02/2016 06:00;323,8;7,2;0;ok
29/02/2016 07:00;380,5;7,4;0;ok
29/02/2016 08:00;491,2;8,175;0;ok
29/02/2016 09:00;551,2;8,6;0;ok
29/02/2016 10:00;586,5;8,425;0;ok
29/02/2016 11:00;590,7;8,35;0;ok
29/02/2016 12:00;631,7;8,55;0;ok
29/02/2016 13:00;664,3;8,825;0;ok
29/02/2016 14:00;624,5;9,2;0;ok
29/02/2016 15:00;548,5;9,225;0;ok
29/02/2016 16:00;488,9;9,475;0;ok
29/02/2016 17:00;451,2;9,975;0;ok
29/02/2016 18:00;425,2;9,825;0;ok
29/02/2016 19:00;306,5;9,975;0;ok
29/02/2016 20:00;241,7;9,95;0;ok
29/02/2016 21:00;212,5;9,9;0;ok
29/02/2016 22:00;183;9,475;0;ok
29/02/2016 23:00;162,2;8,6;0;ok
01/03/2016 00:00;155,9;8,225;0;ok
01/03/2016 01:00;167,2;7,8;0;ok
01/03/2016 02:00;173,6;7,05;0;ok
01/03/2016 03:00;173,5;6,375;0;ok
01/03/2016 04:00;176,7;6,575;0;ok
01/03/2016 05:00;196,6;6,425;0;ok
01/03/2016 06:00;311,5;6,25;0;ok
01/03/2016 07:00;389,4;5,825;0;ok
01/03/2016 08:00;470,7;6,425;0;ok
01/03/2016 09:00;492;6,8;0;ok
01/03/2016 10:00;515,6;9,5;0;ok
01/03/2016 11:00;533,4;11,725;0;ok
01/03/2016 12:00;585,8;14,225;0;ok
01/03/2016 13:00;605,8;15,675;0;ok
01/03/2016 14:00;579,9;16,3;0;ok
01/03/2016 15:00;506,6;16,9;0;ok
01/03/2016 16:00;442,4;17,4;0;ok
01/03/2016 17:00;408,4;16,85;0;ok
01/03/2016 18:00;395,6;15,7;0;ok
01/03/2016 19:00;299,3;14,8;0;ok
01/03/2016 20:00;225,4;14,275;0;ok
01/03/2016 21:00;202,7;13,55;0;ok
01/03/2016 22:00;185,3;12,675;0;ok
01/03/2016 23:00;164,7;11,175;0;ok
02/03/2016 00:00;171,2;10,35;0;ok
02/03/2016 01:00;176,9;9,7;0;ok
02/03/2016 02:00;171,1;9,175;0;ok
02/03/2016 03:00;172,6;8,6;0;ok
02/03/2016 04:00;174,7;8,075;0;ok
02/03/2016 05:00;192,1;7,25;0;ok
02/03/2016 06:00;295,5;6,725;0;ok
02/03/2016 07:00;385,5;6,675;0;ok
02/03/2016 08:00;458,2;7,3;0;ok
02/03/2016 09:00;527,6;8,45;0;ok
02/03/2016 10:00;545,1;9,95;0;ok
02/03/2016 11:00;547,5;11,675;0;ok
02/03/2016 12:00;586,6;13,025;0;ok
02/03/2016 13:00;588,4;14,225;0;ok
02/03/2016 14:00;572,5;14,425;0;ok
02/03/2016 15:00;489,6;14,425;0;ok
02/03/2016 16:00;431,6;14,05;0;ok
02/03/2016 17:00;412,2;12,975;0;ok
02/03/2016 18:00;409,4;12,4;0;ok
02/03/2016 19:00;305,2;11,675;0;ok
02/03/2016 20:00;240,5;11,3;0;ok
02/03/2016 21:00;207,2;10,75;0;ok
02/03/2016 22:00;185,5;11,1;0;ok
02/03/2016 23:00;166,5;10,5;0;ok
03/03/2016 00:00;175,2;9,825;0;ok
03/03/2016 01:00;176,8;10,1;0;ok
03/03/2016 02:00;176,5;10,05;0;ok
03/03/2016 03:00;175,9;9,875;0;ok
03/03/2016 04:00;178,6;9,925;0;ok
03/03/2016 05:00;199,3;9,9;0;ok
03/03/2016 06:00;317,3;9,975;0;ok
03/03/2016 07:00;420,1;7,075;0;ok
03/03/2016 08:00;471,2;7,525;0;ok
03/03/2016 09:00;545,2;7,975;0;ok
03/03/2016 10:00;514,8;10,575;0;ok
03/03/2016 11:00;514;12,875;0;ok
03/03/2016 12:00;552,6;12,775;0;ok
03/03/2016 13:00;574;12,475;0;ok
03/03/2016 14:00;560;12,3;0;ok
03/03/2016 15:00;499,3;12,05;0;ok
03/03/2016 16:00;435,5;11,75;0;ok
03/03/2016 17:00;404,2;10,575;0;ok
03/03/2016 18:00;396,9;9,5;0;ok
03/03/2016 19:00;295,9;9,825;0;ok
03/03/2016 20:00;222,2;9,5;0;ok
03/03/2016 21:00;196,5;9,575;0;ok
03/03/2016 22:00;174,9;9,575;0;ok
03/03/2016 23:00;160,3;9,8;0;ok
04/03/2016 00:00;158,9;9,975;0;ok
04/03/2016 01:00;175,4;9,05;0;ok
04/03/2016 02:00;172,3;8,375;0;ok
04/03/2016 03:00;171,3;7,925;0;ok
04/03/2016 04:00;177,5;6,55;0;ok
04/03/2016 05:00;197,8;5,375;0;ok
04/03/2016 06:00;275,4;5,1;0;ok
04/03/2016 07:00;351,7;5,275;0;ok
04/03/2016 08:00;433,7;6,05;0;ok
04/03/2016 09:00;501;7,325;0;ok
04/03/2016 10:00;530,3;9,4;0;ok
04/03/2016 11:00;543,9;10,275;0;ok
04/03/2016 12:00;563,2;11,55;0;ok
04/03/2016 13:00;589,7;12,35;0;ok
04/03/2016 14:00;560,2;12,575;0;ok
04/03/2016 15:00;493,6;12,3;0;ok
04/03/2016 16:00;410,5;12,3;0;ok
04/03/2016 17:00;389,5;11,5;0;ok
04/03/2016 18:00;353,5;11;0;ok
04/03/2016 19:00;272,5;10,55;0;ok
04/03/2016 20:00;220,6;9,575;0;ok
04/03/2016 21:00;203;9,15;0;ok
04/03/2016 22:00;209;9,075;0;ok
04/03/2016 23:00;186,8;8,875;0;ok
05/03/2016 00:00;177,1;8,375;0;ok
05/03/2016 01:00;176,3;7,425;0;ok
05/03/2016 02:00;177,6;6,875;0;ok
05/03/2016 03:00;179,8;6,1;0;ok
05/03/2016 04:00;179,4;4,525;0;ok
05/03/2016 05:00;186,6;4,1;0;ok
05/03/2016 06:00;204;3,25;0;ok
05/03/2016 07:00;239,5;1,6;0;ok
05/03/2016 08:00;253;0,925;0;ok
05/03/2016 09:00;252;1;0;ok
05/03/2016 10:00;256,9;1,1;0;ok
05/03/2016 11:00;250,2;1,4;0;ok
05/03/2016 12:00;242,9;2,625;0;ok
05/03/2016 13:00;213,9;4,175;0;ok
05/03/2016 14:00;157,6;4,5;0;ok
05/03/2016 15:00;144,8;4,575;0;ok
05/03/2016 16:00;132,9;4,65;0;ok
05/03/2016 17:00;119,1;4,725;0;ok
05/03/2016 18:00;138,6;4,6;0;ok
05/03/2016 19:00;170,8;4,1;0;ok
05/03/2016 20:00;187,8;3,525;0;ok
05/03/2016 21:00;187,2;2,9;0;ok
05/03/2016 22:00;184,5;3,175;0;ok
05/03/2016 23:00;178,5;3,35;0;ok
06/03/2016 00:00;171,6;3,075;0;ok
06/03/2016 01:00;172,5;2,1;0;ok
06/03/2016 02:00;179,5;0,55;0;ok
06/03/2016 03:00;178,8;0,25;0;ok
06/03/2016 04:00;178,3;0,05;0;ok
06/03/2016 05:00;180,5;0,025;0;ok
06/03/2016 06:00;183,4;0,375;0;ok
06/03/2016 07:00;170,9;0,45;0;ok
06/03/2016 08:00;142,6;-6,94E-18;0;ok
06/03/2016 09:00;144,9;1,9;0;ok
06/03/2016 10:00;150,3;4,5;0;ok
06/03/2016 11:00;146,4;7,05;0;ok
06/03/2016 12:00;144,4;7,675;0;ok
06/03/2016 13:00;148,5;7,1;0;ok
06/03/2016 14:00;149,3;7,475;0;ok
06/03/2016 15:00;145,7;8,025;0;ok
06/03/2016 16:00;143,7;8,975;0;ok
06/03/2016 17:00;150,8;9,25;0;ok
06/03/2016 18:00;161,2;8,175;0;ok
06/03/2016 19:00;181,1;7,35;0;ok
06/03/2016 20:00;179;6,125;0;ok
06/03/2016 21:00;181,9;4,8;0;ok
06/03/2016 22:00;181,5;4,55;0;ok
06/03/2016 23:00;180,2;3,975;0;ok
07/03/2016 00:00;179,1;2,85;0;ok
07/03/2016 01:00;178,7;2,5;0;ok
07/03/2016 02:00;177,9;2,175;0;ok
07/03/2016 03:00;174,2;2,175;0;ok
07/03/2016 04:00;152,5;1,625;0;ok
07/03/2016 05:00;191,5;1,475;0;ok
07/03/2016 06:00;320,1;1,85;0;ok
07/03/2016 07:00;392,1;2,15;0;ok
07/03/2016 08:00;465,4;3,075;0;ok
07/03/2016 09:00;527,1;5,175;0;ok
07/03/2016 10:00;534,3;6,65;0;ok
07/03/2016 11:00;569;7,8;0;ok
07/03/2016 12:00;594,7;8,5;0;ok
07/03/2016 13:00;626,2;9,5;0;ok
07/03/2016 14:00;575;9,975;0;ok
07/03/2016 15:00;489,5;10,425;0;ok
07/03/2016 16:00;442,8;10,375;0;ok
07/03/2016 17:00;426,5;9,75;0;ok
07/03/2016 18:00;418,9;9,025;0;ok
07/03/2016 19:00;318,1;8,525;0;ok
07/03/2016 20:00;231,4;8,2;0;ok
07/03/2016 21:00;201,7;7,375;0;ok
07/03/2016 22:00;180,7;6,325;0;ok
07/03/2016 23:00;161,2;5,675;0;ok
08/03/2016 00:00;155,5;5,425;0;ok
08/03/2016 01:00;172,4;4,925;0;ok
08/03/2016 02:00;176,4;4,175;0;ok
08/03/2016 03:00;174,5;3,475;0;ok
08/03/2016 04:00;179,3;3,75;0;ok
08/03/2016 05:00;184;3,425;0;ok
08/03/2016 06:00;274,3;3,1;0;ok
08/03/2016 07:00;369,9;3,675;0;ok
08/03/2016 08:00;447,7;4,6;0;ok
08/03/2016 09:00;522,5;6,775;0;ok
08/03/2016 10:00;566,1;8,775;0;ok
08/03/2016 11:00;562,4;9,575;0;ok
08/03/2016 12:00;594,6;10,625;0;ok
08/03/2016 13:00;612,3;11,2;0;ok
08/03/2016 14:00;579,7;11,725;0;ok
08/03/2016 15:00;527,9;12,15;0;ok
08/03/2016 16:00;466,3;12,1;0;ok
08/03/2016 17:00;418,5;11,475;0;ok
08/03/2016 18:00;399,3;9,225;0;ok
08/03/2016 19:00;296,8;8,6;0;ok
08/03/2016 20:00;219,7;8,575;0;ok
08/03/2016 21:00;192;7,65;0;ok
08/03/2016 22:00;176;5,55;0;ok
08/03/2016 23:00;153,3;5,575;0;ok
09/03/2016 00:00;146,8;5,575;0;ok
09/03/2016 01:00;158,2;5,6;0;ok
09/03/2016 02:00;173,6;5,4;0;ok
09/03/2016 03:00;176,8;3,85;0;ok
09/03/2016 04:00;177,1;3,225;0;ok
09/03/2016 05:00;182;3,9;0;ok
09/03/2016 06:00;271,4;3,675;0;ok
09/03/2016 07:00;344,8;3,45;0;ok
09/03/2016 08:00;459,2;3,95;0;ok
09/03/2016 09:00;541,2;4,375;0;ok
09/03/2016 10:00;552,5;6,725;0;ok
09/03/2016 11:00;552,7;7,2;0;ok
09/03/2016 12:00;602,1;7,45;0;ok
09/03/2016 13:00;592,6;8,775;0;ok
09/03/2016 14:00;611,7;9,125;0;ok
09/03/2016 15:00;501,4;9,325;0;ok
09/03/2016 16:00;444,5;9,275;0;ok
09/03/2016 17:00;416,1;8,65;0;ok
09/03/2016 18:00;408,1;7,9;0;ok
09/03/2016 19:00;299,2;7,5;0;ok
09/03/2016 20:00;228,8;7,45;0;ok
09/03/2016 21:00;208,7;7,375;0;ok
09/03/2016 22:00;186,1;7,225;0;ok
09/03/2016 23:00;163,9;7,1;0;ok
10/03/2016 00:00;158,7;7,125;0;ok
10/03/2016 01:00;175,4;7,125;0;ok
10/03/2016 02:00;180;7,25;0;ok
10/03/2016 03:00;179,5;7;0;ok
10/03/2016 04:00;180,4;6,925;0;ok
10/03/2016 05:00;195,1;6,225;0;ok
10/03/2016 06:00;249,8;6,325;0;ok
10/03/2016 07:00;346,2;6,35;0;ok
10/03/2016 08:00;466,3;6,525;0;ok
10/03/2016 09:00;520;7,675;0;ok
10/03/2016 10:00;534,5;8,8;0;ok
10/03/2016 11:00;551,6;10,25;0;ok
10/03/2016 12:00;595,4;10,975;0;ok
10/03/2016 13:00;618,1;12,575;0;ok
10/03/2016 14:00;599,3;13,275;0;ok
10/03/2016 15:00;525,7;14,225;0;ok
10/03/2016 16:00;448,2;14,525;0;ok
10/03/2016 17:00;394,7;14,25;0;ok
10/03/2016 18:00;375,1;13,525;0;ok
10/03/2016 19:00;307,9;12,975;0;ok
10/03/2016 20:00;229,8;12,475;0;ok
10/03/2016 21:00;205,9;11,45;0;ok
10/03/2016 22:00;190,4;10,675;0;ok
10/03/2016 23:00;172,1;10,25;0;ok
11/03/2016 00:00;183,5;9,325;0;ok
11/03/2016 01:00;180,6;7,6;0;ok
11/03/2016 02:00;181,2;7,15;0;ok
11/03/2016 03:00;182;6,95;0;ok
11/03/2016 04:00;181,9;6,4;0;ok
11/03/2016 05:00;195,4;6,425;0;ok
11/03/2016 06:00;271,9;5,975;0;ok
11/03/2016 07:00;353,4;5,925;0;ok
11/03/2016 08:00;455,3;7,125;0;ok
11/03/2016 09:00;531,2;9,65;0;ok
11/03/2016 10:00;596,9;11,4;0;ok
11/03/2016 11:00;561,9;12,225;0;ok
11/03/2016 12:00;579,4;12,675;0;ok
11/03/2016 13:00;590,7;12,75;0;ok
11/03/2016 14:00;566;12,15;0;ok
11/03/2016 15:00;501;11,875;0;ok
11/03/2016 16:00;422,1;12,025;0;ok
11/03/2016 17:00;404,9;11,7;0;ok
11/03/2016 18:00;349,1;11,575;0;ok
11/03/2016 19:00;263,5;11,525;0;ok
11/03/2016 20:00;208,3;11,575;0;ok
11/03/2016 21:00;195,9;11,2;0;ok
11/03/2016 22:00;201,8;10,975;0;ok
11/03/2016 23:00;184;10,15;0;ok
12/03/2016 00:00;174,7;9,55;0;ok
12/03/2016 01:00;171,2;9,375;0;ok
12/03/2016 02:00;169,8;9,15;0;ok
12/03/2016 03:00;168,5;8,8;0;ok
12/03/2016 04:00;171,4;9,1;0;ok
12/03/2016 05:00;180,1;9;0;ok
12/03/2016 06:00;205,3;8,775;0;ok
12/03/2016 07:00;231,5;8,75;0;ok
12/03/2016 08:00;261,9;9,825;0;ok
12/03/2016 09:00;260,1;11,475;0;ok
12/03/2016 10:00;255,9;12,95;0;ok
12/03/2016 11:00;259;13,5;0;ok
12/03/2016 12:00;253,8;14,175;0;ok
12/03/2016 13:00;219,4;15,025;0;ok
12/03/2016 14:00;182,1;15,725;0;ok
12/03/2016 15:00;172,1;16,3;0;ok
12/03/2016 16:00;147;16,9;0;ok
12/03/2016 17:00;141,7;16,6;0;ok
12/03/2016 18:00;161,1;15,6;0;ok
12/03/2016 19:00;182,7;14,5;0;ok
12/03/2016 20:00;186,9;13,35;0;ok
12/03/2016 21:00;184,8;13,125;0;ok
12/03/2016 22:00;187,7;12,925;0;ok
12/03/2016 23:00;179,7;12,75;0;ok
13/03/2016 00:00;174,6;12,325;0;ok
13/03/2016 01:00;175,4;12,15;0;ok
13/03/2016 02:00;176,4;11,825;0;ok
13/03/2016 03:00;175,2;11,175;0;ok
13/03/2016 04:00;174,6;9,7;0;ok
13/03/2016 05:00;176;9,075;0;ok
13/03/2016 06:00;175,9;8,875;0;ok
13/03/2016 07:00;158,3;8,775;0;ok
13/03/2016 08:00;147;8,65;0;ok
13/03/2016 09:00;142,3;9,15;0;ok
13/03/2016 10:00;140,9;9,725;0;ok
13/03/2016 11:00;142,5;10,2;0;ok
13/03/2016 12:00;140,9;10,825;0;ok
13/03/2016 13:00;140,8;11,425;0;ok
13/03/2016 14:00;146,3;11,925;0;ok
13/03/2016 15:00;142,7;12,275;0;ok
13/03/2016 16:00;144,2;12,35;0;ok
13/03/2016 17:00;145,3;12,375;0;ok
13/03/2016 18:00;155;12,225;0;ok
13/03/2016 19:00;177,6;11,95;0;ok
13/03/2016 20:00;179,5;11,925;0;ok
13/03/2016 21:00;178,1;11,675;0;ok
13/03/2016 22:00;179,5;11,5;0;ok
13/03/2016 23:00;177,1;11,3;0;ok
14/03/2016 00:00;171,6;11;0;ok
14/03/2016 01:00;169,7;10,975;0;ok
14/03/2016 02:00;172,1;10,275;0;ok
14/03/2016 03:00;170,2;9,525;0;ok
14/03/2016 04:00;174,7;9,275;0;ok
14/03/2016 05:00;181,9;8,8;0;ok
14/03/2016 06:00;319,3;8,525;0;ok
14/03/2016 07:00;388,6;8,5;0;ok
14/03/2016 08:00;486,7;8,625;0;ok
14/03/2016 09:00;570;8,675;0;ok
14/03/2016 10:00;631,3;8,725;0;ok
14/03/2016 11:00;605,4;9;0;ok
14/03/2016 12:00;623;9,575;0;ok
14/03/2016 13:00;623,8;10,125;0;ok
14/03/2016 14:00;645,2;10,55;0;ok
14/03/2016 15:00;549,2;10,975;0;ok
14/03/2016 16:00;475,1;11,275;0;ok
14/03/2016 17:00;430,2;12,325;0;ok
14/03/2016 18:00;405,5;11,825;0;ok
14/03/2016 19:00;314,4;10,975;0;ok
14/03/2016 20:00;243,5;10,45;0;ok
14/03/2016 21:00;202,6;10,025;0;ok
14/03/2016 22:00;185,6;9,575;0;ok
14/03/2016 23:00;186,1;9,375;0;ok
15/03/2016 00:00;187,7;9,05;0;ok
15/03/2016 01:00;184,3;8,625;0;ok
15/03/2016 02:00;184,6;7,025;0;ok
15/03/2016 03:00;184,7;6,95;0;ok
15/03/2016 04:00;186,1;7,35;0;ok
15/03/2016 05:00;194,3;7,075;0;ok
15/03/2016 06:00;279,9;6,275;0;ok
15/03/2016 07:00;374,4;6,075;0;ok
15/03/2016 08:00;539,4;7,825;0;ok
15/03/2016 09:00;555,3;8,85;0;ok
15/03/2016 10:00;571,7;10,4;0;ok
15/03/2016 11:00;576,2;11,6;0;ok
15/03/2016 12:00;616,6;12,925;0;ok
15/03/2016 13:00;619,9;13,925;0;ok
15/03/2016 14:00;609,6;14,925;0;ok
15/03/2016 15:00;536,6;15,35;0;ok
15/03/2016 16:00;473,1;15,2;0;ok
15/03/2016 17:00;442;15,15;0;ok
15/03/2016 18:00;417,7;14,775;0;ok
15/03/2016 19:00;288,8;13,825;0;ok
15/03/2016 20:00;229,3;13,1;0;ok
15/03/2016 21:00;205,6;12,3;0;ok
15/03/2016 22:00;192,2;11,7;0;ok
15/03/2016 23:00;184,6;10,05;0;ok
16/03/2016 00:00;189,8;8,45;0;ok
16/03/2016 01:00;185,5;7;0;ok
16/03/2016 02:00;183,5;5,95;0;ok
16/03/2016 03:00;180,7;4,7;0;ok
16/03/2016 04:00;0;3,4;1;sensor_failure
16/03/2016 05:00;0;3,175;1;sensor_failure
16/03/2016 06:00;0;3,15;1;sensor_failure
16/03/2016 07:00;0;3,125;1;sensor_failure
16/03/2016 08:00;0;1,975;1;sensor_failure
16/03/2016 09:00;0;1,125;1;sensor_failure
16/03/2016 10:00;0;1,175;1;sensor_failure
16/03/2016 11:00;0;0,925;1;sensor_failure
16/03/2016 12:00;0;0,95;1;sensor_failure
16/03/2016 13:00;0;0,8;1;sensor_failure
16/03/2016 14:00;0;0,95;1;sensor_failure
16/03/2016 15:00;0;0,95;1;sensor_failure
16/03/2016 16:00;0;0,9;1;sensor_failure
16/03/2016 17:00;7605,4;1,5;1;sensor_failure
16/03/2016 18:00;453,5;2,85;0;ok
16/03/2016 19:00;310,5;3,2;0;ok
16/03/2016 20:00;245,6;3,575;0;ok
16/03/2016 21:00;223,6;4,125;0;ok
16/03/2016 22:00;204,9;4,1;0;ok
16/03/2016 23:00;185,5;4,4;0;ok
17/03/2016 00:00;180,1;4,7;0;ok
17/03/2016 01:00;191,1;4,8;0;ok
17/03/2016 02:00;199,2;5,025;0;ok
17/03/2016 03:00;197,4;5,125;0;ok
17/03/2016 04:00;199;4,875;0;ok
17/03/2016 05:00;198,5;5,05;0;ok
17/03/2016 06:00;309,9;5,35;0;ok
17/03/2016 07:00;369,1;5,45;0;ok
17/03/2016 08:00;493,7;6,075;0;ok
17/03/2016 09:00;521,9;7,15;0;ok
17/03/2016 10:00;562,7;8,15;0;ok
17/03/2016 11:00;566,7;8,775;0;ok
17/03/2016 12:00;600,4;10,05;0;ok
17/03/2016 13:00;583,2;10,925;0;ok
17/03/2016 14:00;574,6;11,725;0;ok
17/03/2016 15:00;532,6;12,35;0;ok
17/03/2016 16:00;462,4;12,25;0;ok
17/03/2016 17:00;414,1;12,375;0;ok
17/03/2016 18:00;398,1;11,75;0;ok
17/03/2016 19:00;307,4;10,575;0;ok
17/03/2016 20:00;227,9;9,425;0;ok
17/03/2016 21:00;201,7;8,775;0;ok
17/03/2016 22:00;189,1;8,375;0;ok
17/03/2016 23:00;174,3;8,2;0;ok
18/03/2016 00:00;167,8;7,675;0;ok
18/03/2016 01:00;183,8;7,15;0;ok
18/03/2016 02:00;187,5;6,875;0;ok
18/03/2016 03:00;189,9;5,65;0;ok
18/03/2016 04:00;191,4;5,225;0;ok
18/03/2016 05:00;193,7;4,675;0;ok
18/03/2016 06:00;282,9;4,125;0;ok
18/03/2016 07:00;397,9;3,85;0;ok
18/03/2016 08:00;516,3;5,4;0;ok
18/03/2016 09:00;560,7;8,075;0;ok
18/03/2016 10:00;595,9;10,225;0;ok
18/03/2016 11:00;559,6;12,475;0;ok
18/03/2016 12:00;576,2;13,95;0;ok
18/03/2016 13:00;592,3;14,675;0;ok
18/03/2016 14:00;574,4;15,625;0;ok
18/03/2016 15:00;492,4;16,3;0;ok
18/03/2016 16:00;447,2;16,3;0;ok
18/03/2016 17:00;409,3;16,325;0;ok
18/03/2016 18:00;358,6;15,475;0;ok
18/03/2016 19:00;276,2;14,675;0;ok
18/03/2016 20:00;214,4;13,95;0;ok
18/03/2016 21:00;198,1;12,925;0;ok
18/03/2016 22:00;186,8;12,025;0;ok
18/03/2016 23:00;191,4;11,325;0;ok
19/03/2016 00:00;182,2;9,425;0;ok
19/03/2016 01:00;183,2;8,15;0;ok
19/03/2016 02:00;179,4;7,8;0;ok
19/03/2016 03:00;178,7;7,125;0;ok
19/03/2016 04:00;176,7;6,65;0;ok
19/03/2016 05:00;189,9;6,625;0;ok
19/03/2016 06:00;204,2;5,85;0;ok
19/03/2016 07:00;225,5;5,675;0;ok
19/03/2016 08:00;261,2;7,925;0;ok
19/03/2016 09:00;270,8;10,275;0;ok
19/03/2016 10:00;273,2;12,95;0;ok
19/03/2016 11:00;270,6;15,325;0;ok
19/03/2016 12:00;272,6;16,25;0;ok
19/03/2016 13:00;246,2;17;0;ok
19/03/2016 14:00;218,1;18,15;0;ok
19/03/2016 15:00;203,7;18,275;0;ok
19/03/2016 16:00;184,5;18,425;0;ok
19/03/2016 17:00;157;18,675;0;ok
19/03/2016 18:00;161,1;17,975;0;ok
19/03/2016 19:00;190,6;16,45;0;ok
19/03/2016 20:00;192;15,475;0;ok
19/03/2016 21:00;191,5;13,825;0;ok
19/03/2016 22:00;189,8;12,85;0;ok
19/03/2016 23:00;179,8;11,9;0;ok
20/03/2016 00:00;180,3;11,2;0;ok
20/03/2016 01:00;180,2;10,55;0;ok
20/03/2016 02:00;180,2;9,95;0;ok
20/03/2016 03:00;181,8;9,225;0;ok
20/03/2016 04:00;182;8,4;0;ok
20/03/2016 05:00;182,9;7,9;0;ok
20/03/2016 06:00;180,8;7,05;0;ok
20/03/2016 07:00;161,5;6,95;0;ok
20/03/2016 08:00;153,4;8,8;0;ok
20/03/2016 09:00;154,5;10,5;0;ok
20/03/2016 10:00;152,2;12,3;0;ok
20/03/2016 11:00;154,9;14,4;0;ok
20/03/2016 12:00;151;15,175;0;ok
20/03/2016 13:00;150,9;16,075;0;ok
20/03/2016 14:00;145,3;16,55;0;ok
20/03/2016 15:00;145,7;17,25;0;ok
20/03/2016 16:00;143,5;17,575;0;ok
20/03/2016 17:00;139,1;17;0;ok
20/03/2016 18:00;153,1;15,725;0;ok
20/03/2016 19:00;178,6;14,55;0;ok
20/03/2016 20:00;185,6;13,5;0;ok
20/03/2016 21:00;189,5;12,85;0;ok
20/03/2016 22:00;188,3;12,35;0;ok
20/03/2016 23:00;186,5;11,825;0;ok
21/03/2016 00:00;182,3;11,375;0;ok
21/03/2016 01:00;176,8;10,525;0;ok
21/03/2016 02:00;177,8;10,1;0;ok
21/03/2016 03:00;178,3;9,675;0;ok
21/03/2016 04:00;180,1;9,3;0;ok
21/03/2016 05:00;190,4;8,875;0;ok
21/03/2016 06:00;304,9;8,55;0;ok
21/03/2016 07:00;366,1;9,025;0;ok
21/03/2016 08:00;452,9;9,225;0;ok
21/03/2016 09:00;531,4;10,525;0;ok
21/03/2016 10:00;549,7;11,875;0;ok
21/03/2016 11:00;564;14,25;0;ok
21/03/2016 12:00;577,7;16,025;0;ok
21/03/2016 13:00;620,5;16,975;0;ok
21/03/2016 14:00;577,8;17,45;0;ok
21/03/2016 15:00;514,7;18,025;0;ok
21/03/2016 16:00;450;17,75;0;ok
21/03/2016 17:00;440,6;15,925;0;ok
21/03/2016 18:00;405,2;16,15;0;ok
21/03/2016 19:00;309,6;15,725;0;ok
21/03/2016 20:00;236,5;15,05;0;ok
21/03/2016 21:00;203,1;13,825;0;ok
21/03/2016 22:00;187;12,475;0;ok
21/03/2016 23:00;172,1;11,95;0;ok
22/03/2016 00:00;175,3;11,375;0;ok
22/03/2016 01:00;190,1;10,975;0;ok
22/03/2016 02:00;182,9;10,15;0;ok
22/03/2016 03:00;185;9,6;0;ok
22/03/2016 04:00;187,6;9,25;0;ok
22/03/2016 05:00;194,6;9,275;0;ok
22/03/2016 06:00;301,3;8,125;0;ok
22/03/2016 07:00;367,9;7,925;0;ok
22/03/2016 08:00;473,6;8,775;0;ok
22/03/2016 09:00;558,3;10,35;0;ok
22/03/2016 10:00;564,3;12,025;0;ok
22/03/2016 11:00;555,9;13,15;0;ok
22/03/2016 12:00;574,1;15;0;ok
22/03/2016 13:00;609,8;16,275;0;ok
22/03/2016 14:00;574,3;16,8;0;ok
22/03/2016 15:00;519,1;17,45;0;ok
22/03/2016 16:00;464;17,35;0;ok
22/03/2016 17:00;434,5;16,475;0;ok
22/03/2016 18:00;410,1;15,25;0;ok
22/03/2016 19:00;293,1;14,525;0;ok
22/03/2016 20:00;223;14,2;0;ok
22/03/2016 21:00;191,6;13,675;0;ok
22/03/2016 22:00;184,1;13;0;ok
22/03/2016 23:00;166,7;12,725;0;ok
23/03/2016 00:00;160,4;12,55;0;ok
23/03/2016 01:00;174,1;12,475;0;ok
23/03/2016 02:00;173,5;12,225;0;ok
23/03/2016 03:00;176;11,775;0;ok
23/03/2016 04:00;176,1;10,85;0;ok
23/03/2016 05:00;187,1;9,95;0;ok
23/03/2016 06:00;284,7;9,8;0;ok
23/03/2016 07:00;362,4;9,85;0;ok
23/03/2016 08:00;477,8;10,05;0;ok
23/03/2016 09:00;543,3;10,325;0;ok
23/03/2016 10:00;568,5;11,45;0;ok
23/03/2016 11:00;554,1;12,875;0;ok
23/03/2016 12:00;590,1;13,725;0;ok
23/03/2016 13:00;604,6;14,7;0;ok
23/03/2016 14:00;590;14,325;0;ok
23/03/2016 15:00;527,7;14,8;0;ok
23/03/2016 16:00;458,4;15,375;0;ok
23/03/2016 17:00;422,7;15,125;0;ok
23/03/2016 18:00;405,8;14,8;0;ok
23/03/2016 19:00;299,4;13,925;0;ok
23/03/2016 20:00;225,3;13,8;0;ok
23/03/2016 21:00;193,9;12,925;0;ok
23/03/2016 22:00;182,2;12,1;0;ok
23/03/2016 23:00;165,8;10,775;0;ok
24/03/2016 00:00;159,2;10,175;0;ok
24/03/2016 01:00;177,8;9,95;0;ok
24/03/2016 02:00;178,5;9,7;0;ok
24/03/2016 03:00;177;8,775;0;ok
24/03/2016 04:00;178,9;8,75;0;ok
24/03/2016 05:00;188,3;7,975;0;ok
24/03/2016 06:00;259;7,175;0;ok
24/03/2016 07:00;319,2;7,25;0;ok
24/03/2016 08:00;410,5;8,7;0;ok
24/03/2016 09:00;449,1;11,025;0;ok
24/03/2016 10:00;461,5;12,8;0;ok
24/03/2016 11:00;485,6;13,3;0;ok
24/03/2016 12:00;521,3;14,65;0;ok
24/03/2016 13:00;522,7;16,075;0;ok
24/03/2016 14:00;505;16,75;0;ok
24/03/2016 15:00;469,1;17,45;0;ok
24/03/2016 16:00;388,8;17,875;0;ok
24/03/2016 17:00;349,8;17,65;0;ok
24/03/2016 18:00;340,1;17,35;0;ok
24/03/2016 19:00;267,4;16,55;0;ok
24/03/2016 20:00;213,3;15,7;0;ok
24/03/2016 21:00;186,1;14,6;0;ok
24/03/2016 22:00;173,6;13,6;0;ok
24/03/2016 23:00;161,8;11,8;0;ok
25/03/2016 00:00;153,9;11,025;0;ok
25/03/2016 01:00;174,1;10,425;0;ok
25/03/2016 02:00;173,9;9,95;0;ok
25/03/2016 03:00;177,8;9,4;0;ok
25/03/2016 04:00;177,1;9,025;0;ok
25/03/2016 05:00;183,1;8,55;0;ok
25/03/2016 06:00;237,9;8,375;0;ok
25/03/2016 07:00;297,2;8,55;0;ok
25/03/2016 08:00;338,3;9,1;0;ok
25/03/2016 09:00;369,8;10,15;0;ok
25/03/2016 10:00;395,1;10,725;0;ok
25/03/2016 11:00;436,3;11,75;0;ok
25/03/2016 12:00;409;13,575;0;ok
25/03/2016 13:00;432,3;15,175;0;ok
25/03/2016 14:00;436,2;15,225;0;ok
25/03/2016 15:00;360,4;14,775;0;ok
25/03/2016 16:00;286,6;14,95;0;ok
25/03/2016 17:00;276;14,85;0;ok
25/03/2016 18:00;271,7;14,875;0;ok
25/03/2016 19:00;225,7;14,1;0;ok
25/03/2016 20:00;189;13,225;0;ok
25/03/2016 21:00;180,2;12,6;0;ok
25/03/2016 22:00;178,2;12,175;0;ok
25/03/2016 23:00;186,3;11,4;0;ok
26/03/2016 00:00;171,6;10,675;0;ok
26/03/2016 01:00;172,1;10,15;0;ok
26/03/2016 02:00;170,1;9,525;0;ok
26/03/2016 03:00;172;8,925;0;ok
26/03/2016 04:00;171,9;8,525;0;ok
26/03/2016 05:00;178,3;7,975;0;ok
26/03/2016 06:00;189,9;7,625;0;ok
26/03/2016 07:00;214,1;7,575;0;ok
26/03/2016 08:00;230;9,025;0;ok
26/03/2016 09:00;233,8;11,025;0;ok
26/03/2016 10:00;232,6;12,925;0;ok
26/03/2016 11:00;230,7;15,55;0;ok
26/03/2016 12:00;237,7;17,7;0;ok
26/03/2016 13:00;225,2;18,6;0;ok
26/03/2016 14:00;191,5;19,125;0;ok
26/03/2016 15:00;185,1;19,375;0;ok
26/03/2016 16:00;169,1;19,65;0;ok
26/03/2016 17:00;145,7;19,625;0;ok
26/03/2016 18:00;148,7;18,4;0;ok
26/03/2016 19:00;168;17,4;0;ok
26/03/2016 20:00;178,3;16,875;0;ok
26/03/2016 21:00;180,3;16,075;0;ok
26/03/2016 22:00;178,7;14,625;0;ok
26/03/2016 23:00;172,5;13,275;0;ok
27/03/2016 00:00;170;12,55;0;ok
27/03/2016 01:00;177,6;11,6;0;ok
27/03/2016 02:00;100;10,925;0;ok
27/03/2016 03:00;138,1;10,2;0;ok
27/03/2016 04:00;177,8;10,175;0;ok
27/03/2016 05:00;178,2;10;0;ok
27/03/2016 06:00;178,6;9,8;0;ok
27/03/2016 07:00;172,4;9,425;0;ok
27/03/2016 08:00;152;9,575;0;ok
27/03/2016 09:00;148,7;10,7;0;ok
27/03/2016 10:00;148,6;11,325;0;ok
27/03/2016 11:00;146,7;12,55;0;ok
27/03/2016 12:00;141;14,025;0;ok
27/03/2016 13:00;140,4;14,925;0;ok
27/03/2016 14:00;139,5;15,825;0;ok
27/03/2016 15:00;141,3;16,125;0;ok
27/03/2016 16:00;138,1;16,375;0;ok
27/03/2016 17:00;137,3;16,2;0;ok
27/03/2016 18:00;144,6;15,95;0;ok
27/03/2016 19:00;157,8;15,3;0;ok
27/03/2016 20:00;177,2;14,625;0;ok
27/03/2016 21:00;176,8;13,75;0;ok
27/03/2016 22:00;176,7;12,9;0;ok
27/03/2016 23:00;180,6;12,075;0;ok
28/03/2016 00:00;174,9;11,55;0;ok
28/03/2016 01:00;175,7;10,975;0;ok
28/03/2016 02:00;177,4;10,575;0;ok
28/03/2016 03:00;179,5;10,425;0;ok
28/03/2016 04:00;177,3;10,25;0;ok
28/03/2016 05:00;185,5;10,2;0;ok
28/03/2016 06:00;195,2;10,3;0;ok
28/03/2016 07:00;191,4;10,175;0;ok
28/03/2016 08:00;174,3;10,125;0;ok
28/03/2016 09:00;170,2;10,175;0;ok
28/03/2016 10:00;168;10,75;0;ok
28/03/2016 11:00;166,6;11,7;0;ok
28/03/2016 12:00;157,5;13,125;0;ok
28/03/2016 13:00;162,2;13,95;0;ok
28/03/2016 14:00;171;14,35;0;ok
28/03/2016 15:00;163,8;14,6;0;ok
28/03/2016 16:00;189,1;15,825;0;ok
28/03/2016 17:00;185,3;16,55;0;ok
28/03/2016 18:00;199,4;15,825;0;ok
28/03/2016 19:00;179,1;15,15;0;ok
28/03/2016 20:00;188,3;14,25;0;ok
28/03/2016 21:00;190,5;13,8;0;ok
28/03/2016 22:00;178,6;13,275;0;ok
28/03/2016 23:00;177,8;13,075;0;ok
29/03/2016 00:00;171,3;12,175;0;ok
29/03/2016 01:00;173,3;11,575;0;ok
29/03/2016 02:00;172,9;10,925;0;ok
29/03/2016 03:00;172,9;10,575;0;ok
29/03/2016 04:00;173,9;10,625;0;ok
29/03/2016 05:00;180,7;10,3;0;ok
29/03/2016 06:00;196,5;9,85;0;ok
29/03/2016 07:00;265,3;9,35;0;ok
29/03/2016 08:00;332,4;9,05;0;ok
29/03/2016 09:00;374,3;10,175;0;ok
29/03/2016 10:00;386,5;11,375;0;ok
29/03/2016 11:00;413,9;12,875;0;ok
29/03/2016 12:00;424,3;15,125;0;ok
29/03/2016 13:00;425,2;16,575;0;ok
29/03/2016 14:00;397,8;17,7;0;ok
29/03/2016 15:00;354,5;19,275;0;ok
29/03/2016 16:00;311,8;19,775;0;ok
29/03/2016 17:00;296,6;19,8;0;ok
29/03/2016 18:00;283,8;19,575;0;ok
29/03/2016 19:00;239,9;18,45;0;ok
29/03/2016 20:00;226,7;17,35;0;ok
29/03/2016 21:00;202,8;16,325;0;ok
29/03/2016 22:00;194,7;15,675;0;ok
29/03/2016 23:00;189,4;14,35;0;ok
30/03/2016 00:00;185,2;13,55;0;ok
30/03/2016 01:00;185,4;12,65;0;ok
30/03/2016 02:00;188,3;12;0;ok
30/03/2016 03:00;183,6;11,725;0;ok
30/03/2016 04:00;185;11,65;0;ok
30/03/2016 05:00;192,3;11,3;0;ok
30/03/2016 06:00;271,1;11,25;0;ok
30/03/2016 07:00;350,3;11,125;0;ok
30/03/2016 08:00;432,8;11,575;0;ok
30/03/2016 09:00;454,1;12,5;0;ok
30/03/2016 10:00;518,2;13,775;0;ok
30/03/2016 11:00;491,7;14,975;0;ok
30/03/2016 12:00;527,7;15,875;0;ok
30/03/2016 13:00;563,5;16,725;0;ok
30/03/2016 14:00;551,8;17,25;0;ok
30/03/2016 15:00;470;17,875;0;ok
30/03/2016 16:00;404,1;17,85;0;ok
30/03/2016 17:00;378,9;17,025;0;ok
30/03/2016 18:00;348,7;16,775;0;ok
30/03/2016 19:00;265;16,5;0;ok
30/03/2016 20:00;224,1;15,775;0;ok
30/03/2016 21:00;186,5;14,4;0;ok
30/03/2016 22:00;172,5;13,475;0;ok
30/03/2016 23:00;158,4;13,125;0;ok
31/03/2016 00:00;157,8;12,85;0;ok
31/03/2016 01:00;169,9;12,8;0;ok
31/03/2016 02:00;171,4;12,725;0;ok
31/03/2016 03:00;173,7;12,6;0;ok
31/03/2016 04:00;171,2;12,55;0;ok
31/03/2016 05:00;175;12,75;0;ok
31/03/2016 06:00;271,7;12,425;0;ok
31/03/2016 07:00;358;12,2;0;ok
31/03/2016 08:00;447,2;12,4;0;ok
31/03/2016 09:00;523,5;13,2;0;ok
31/03/2016 10:00;578;13,875;0;ok
31/03/2016 11:00;589,7;14,65;0;ok
31/03/2016 12:00;613;15;0;ok
31/03/2016 13:00;612,2;15,1;0;ok
31/03/2016 14:00;613;14,875;0;ok
31/03/2016 15:00;565,2;14,25;0;ok
31/03/2016 16:00;494,5;14,1;0;ok
31/03/2016 17:00;461,4;14,425;0;ok
31/03/2016 18:00;406,6;14,35;0;ok
31/03/2016 19:00;288,2;13,975;0;ok
31/03/2016 20:00;231,7;13,7;0;ok
31/03/2016 21:00;204,5;13,125;0;ok
31/03/2016 22:00;182,2;12,575;0;ok
31/03/2016 23:00;166;12,575;0;ok
